name,club,scores
Colin Affleck,Durham University Archery Club,"[10, 8, 7, 6, 4, 3, 8, 8, 4, 3, 2, 2, 9, 9, 8, 8, 7, 1, 10, 8, 8, 5, 3, 0, 9, 6, 6, 5, 5, 4, 10, 9, 8, 8, 7, 6, 8, 7, 7, 7, 6, 2, 9, 8, 8, 8, 8, 6, 10, 8, 8, 7, 6, 6, 9, 8, 8, 7, 6, 5, 10, 9, 9, 8, 7, 6, 8, 8, 7, 7, 6, 5, 10, 8, 4, 7, 6, 5, 9, 9, 6, 8, 6, 6, 9, 8, 6, 7, 6, 5, 8, 5, 4, 10, 8, 8, 10, 9, 9, 9, 6, 6, 9, 8, 5, 9, 8, 8, 10, 10, 9, 9, 8, 7, 10, 9, 9, 9, 9, 7, 10, 7, 7, 10, 9, 9, 9, 9, 8, 10, 10, 9, 10, 10, 9, 10, 10, 8, 10, 9, 8, 10, 10, 8]"
Graeme Black,Edinburgh Napier University Archery Club,"[8, 8, 8, 7, 3, 2, 10, 10, 5, 5, 2, 0, 7, 6, 4, 4, 3, 3, 9, 7, 7, 7, 5, 0, 10, 7, 7, 5, 2, 2, 9, 6, 6, 5, 4, 1, 8, 7, 7, 6, 6, 1, 8, 8, 7, 4, 4, 3, 9, 8, 8, 5, 5, 0, 9, 7, 7, 6, 5, 3, 8, 8, 6, 6, 5, 4, 9, 9, 8, 7, 6, 6, 9, 8, 5, 7, 5, 3, 8, 7, 4, 6, 2, 0, 10, 7, 2, 9, 7, 5, 5, 4, 1, 6, 4, 3, 10, 7, 6, 8, 7, 6, 8, 7, 6, 8, 7, 4, 9, 8, 6, 10, 8, 8, 9, 7, 6, 10, 9, 9, 8, 7, 7, 9, 9, 7, 9, 9, 7, 8, 8, 5, 8, 7, 0, 10, 9, 8, 8, 8, 7, 10, 9, 7]"
Matthew Panchal,Keele University Archery Club,"[10, 8, 6, 5, 3, 0, 6, 3, 2, 0, 0, 0, 9, 4, 3, 3, 0, 0, 8, 7, 5, 5, 4, 3, 8, 7, 6, 5, 3, 3, 8, 8, 7, 6, 5, 2, 9, 7, 5, 5, 3, 2, 9, 6, 5, 5, 5, 4, 8, 8, 6, 6, 5, 0, 10, 9, 8, 7, 5, 0, 9, 7, 6, 6, 3, 1, 9, 8, 7, 6, 4, 4, 9, 6, 3, 8, 6, 4, 10, 5, 3, 7, 4, 4, 6, 4, 2, 9, 5, 1, 10, 2, 1, 8, 8, 2, 8, 8, 8, 7, 6, 0, 7, 7, 5, 7, 6, 4, 9, 9, 3, 10, 9, 8, 9, 8, 8, 9, 9, 9, 10, 9, 9, 10, 8, 7, 8, 7, 7, 8, 8, 8, 9, 8, 7, 9, 9, 9, 10, 9, 8, 9, 9, 7]"
Piotr Wojtczuk,Edinburgh Napier University Archery Club,"[10, 6, 6, 6, 4, 3, 9, 9, 7, 4, 2, 2, 9, 9, 8, 7, 4, 3, 8, 8, 7, 4, 3, 2, 9, 9, 7, 6, 6, 6, 9, 9, 7, 6, 5, 4, 9, 9, 8, 8, 7, 5, 10, 9, 8, 7, 5, 5, 10, 9, 9, 9, 8, 7, 8, 8, 6, 5, 5, 4, 8, 8, 8, 6, 5, 5, 10, 8, 8, 7, 6, 5, 9, 6, 3, 8, 7, 6, 8, 8, 7, 10, 9, 7, 10, 7, 5, 10, 6, 4, 8, 6, 4, 7, 5, 5, 8, 8, 7, 10, 10, 9, 9, 7, 7, 8, 8, 7, 10, 9, 8, 10, 10, 9, 9, 9, 8, 9, 9, 7, 10, 9, 9, 10, 9, 7, 10, 10, 9, 9, 9, 8, 9, 9, 8, 9, 8, 7, 10, 9, 8, 9, 9, 7]"
David Whittle,Durham University Archery Club,"[0, 0, 0, 0, 0, 0, 4, 0, 0, 0, 0, 0, 10, 0, 0, 0, 0, 0, 0, 0, 0, 0, 0, 0, 0, 0, 0, 0, 0, 0, 0, 0, 0, 0, 0, 0, 0, 0, 0, 0, 0, 0, 9, 8, 8, 4, 0, 0, 3, 1, 0, 0, 0, 0, 9, 6, 0, 0, 0, 0, 4, 3, 0, 0, 0, 0, 8, 4, 1, 0, 0, 0, 2, 0, 0, 10, 0, 0, 6, 2, 0, 3, 0, 0, 5, 2, 1, 0, 0, 0, 3, 2, 0, 6, 5, 1, 0, 0, 0, 5, 1, 0, 6, 0, 0, 8, 7, 0, 3, 0, 0, 8, 6, 6, 9, 4, 1, 8, 5, 3, 9, 4, 4, 8, 7, 0, 6, 1, 0, 9, 7, 2, 4, 4, 1, 8, 6, 2, 8, 5, 0, 8, 7, 5]"
Adam Shorrock,Lancaster University Archery Club,"[6, 5, 1, 1, 0, 0, 6, 5, 3, 3, 1, 0, 9, 8, 8, 7, 2, 0, 9, 8, 7, 7, 3, 0, 10, 8, 6, 6, 2, 2, 9, 9, 5, 5, 0, 0, 10, 10, 9, 8, 7, 2, 9, 9, 8, 7, 5, 3, 10, 9, 9, 9, 5, 4, 9, 8, 7, 7, 6, 5, 8, 8, 7, 3, 2, 2, 8, 7, 7, 5, 4, 3, 8, 3, 2, 7, 6, 6, 7, 7, 4, 6, 4, 0, 7, 6, 1, 9, 9, 6, 7, 7, 4, 6, 3, 2, 7, 3, 2, 6, 5, 0, 7, 6, 5, 8, 5, 1, 8, 7, 6, 7, 6, 5, 9, 7, 3, 8, 7, 5, 9, 7, 5, 8, 7, 7, 10, 10, 5, 10, 8, 6, 9, 8, 7, 8, 8, 7, 8, 8, 7, 10, 9, 7]"
Dan Ellingham,Keele University Archery Club,"[9, 8, 1, 0, 0, 0, 6, 5, 3, 2, 2, 0, 6, 5, 4, 3, 3, 2, 6, 6, 3, 0, 0, 0, 9, 6, 6, 4, 0, 0, 5, 5, 4, 4, 0, 0, 7, 6, 6, 0, 0, 0, 8, 7, 7, 5, 2, 0, 6, 3, 3, 1, 1, 0, 10, 9, 6, 6, 1, 0, 8, 8, 7, 7, 4, 0, 8, 7, 5, 4, 3, 1, 3, 0, 0, 1, 0, 0, 5, 4, 4, 6, 2, 2, 9, 1, 0, 9, 0, 0, 9, 4, 1, 7, 0, 0, 10, 4, 1, 6, 4, 0, 8, 3, 2, 7, 4, 3, 9, 9, 7, 8, 4, 4, 8, 7, 7, 9, 8, 7, 9, 8, 3, 9, 8, 7, 10, 9, 8, 9, 8, 7, 9, 7, 7, 9, 9, 8, 10, 9, 8, 9, 9, 7]"
Sam Evans,Lancaster University Archery Club,"[8, 4, 1, 0, 0, 0, 8, 6, 3, 2, 0, 0, 8, 7, 6, 2, 0, 0, 9, 9, 6, 6, 3, 0, 7, 5, 5, 4, 0, 0, 7, 7, 5, 4, 1, 0, 7, 6, 4, 3, 1, 0, 8, 8, 8, 7, 5, 0, 10, 8, 4, 0, 0, 0, 10, 8, 4, 1, 0, 0, 8, 3, 1, 1, 1, 0, 5, 4, 3, 1, 0, 0, 8, 2, 1, 4, 3, 3, 8, 6, 3, 8, 6, 5, 8, 3, 3, 5, 3, 0, 5, 2, 1, 6, 6, 0, 8, 7, 1, 5, 3, 0, 7, 6, 4, 6, 3, 0, 10, 6, 2, 8, 7, 5, 7, 4, 4, 7, 5, 2, 9, 6, 1, 10, 9, 9, 10, 7, 0, 8, 6, 0, 9, 9, 7, 9, 7, 3, 9, 7, 5, 10, 7, 5]"
Dan Woodthorpe,MMU Cheshire Archery Club,"[6, 3, 0, 0, 0, 0, 4, 2, 0, 0, 0, 0, 6, 5, 1, 0, 0, 0, 5, 3, 0, 0, 0, 0, 5, 0, 0, 0, 0, 0, 8, 2, 0, 0, 0, 0, 5, 5, 4, 0, 0, 0, 10, 6, 3, 3, 0, 0, 8, 7, 7, 0, 0, 0, 4, 4, 3, 1, 0, 0, 4, 2, 0, 0, 0, 0, 4, 3, 3, 0, 0, 0, 8, 0, 0, 6, 3, 0, 1, 1, 0, 2, 0, 0, 9, 7, 5, 4, 0, 0, 3, 0, 0, 0, 0, 0, 8, 6, 2, 3, 1, 0, 8, 6, 4, 2, 0, 0, 8, 5, 0, 9, 6, 1, 10, 7, 5, 9, 6, 3, 8, 7, 6, 10, 7, 5, 9, 6, 3, 6, 3, 0, 6, 5, 3, 8, 4, 0, 9, 7, 6, 8, 7, 4]"
Richard Conway,MMU Cheshire Archery Club,"[0, 0, 0, 0, 0, 0, 7, 0, 0, 0, 0, 0, 1, 3, 0, 0, 0, 0, 6, 5, 3, 0, 0, 0, 0, 0, 0, 0, 0, 0, 0, 0, 0, 0, 0, 0, 0, 0, 0, 0, 0, 0, 2, 0, 0, 0, 0, 0, 2, 0, 0, 0, 0, 0, 0, 0, 0, 0, 0, 0, 8, 6, 4, 3, 2, 0, 5, 4, 4, 2, 0, 0, 0, 0, 0, 2, 2, 0, 0, 0, 0, 9, 0, 0, 6, 2, 0, 0, 0, 0, 3, 1, 0, 4, 4, 3, 3, 0, 0, 3, 2, 0, 8, 1, 0, 0, 0, 0, 0, 0, 0, 1, 1, 0, 6, 4, 0, 2, 0, 0, 6, 5, 0, 0, 0, 0, 6, 3, 0, 9, 7, 3, 10, 4, 2, 7, 7, 7, 3, 3, 0, 7, 3, 1]"
Thomas Cram,Loughborough Students Archery Club,"[10, 9, 9, 8, 7, 6, 8, 7, 6, 6, 3, 3, 9, 9, 9, 9, 8, 8, 10, 9, 9, 9, 8, 7, 9, 8, 8, 6, 5, 5, 10, 8, 7, 7, 5, 2, 10, 9, 9, 9, 8, 5, 9, 9, 9, 7, 6, 5, 9, 9, 8, 8, 7, 6, 9, 9, 8, 8, 7, 3, 9, 8, 7, 7, 4, 3, 10, 9, 9, 9, 9, 7, 9, 7, 4, 9, 6, 6, 10, 6, 6, 10, 7, 7, 9, 9, 8, 8, 8, 5, 10, 8, 5, 9, 9, 9, 8, 7, 7, 10, 9, 7, 10, 8, 7, 9, 9, 4, 10, 10, 9, 10, 10, 9, 9, 8, 8, 10, 8, 7, 10, 9, 9, 9, 9, 7, 10, 10, 8, 9, 8, 8, 10, 9, 9, 9, 9, 8, 9, 9, 8, 9, 7, 7]"
Arthur Coveney,Loughborough Students Archery Club,"[9, 8, 8, 6, 5, 3, 7, 6, 4, 1, 0, 0, 10, 8, 8, 8, 5, 2, 9, 7, 7, 7, 7, 4, 8, 8, 8, 7, 6, 3, 9, 9, 8, 7, 4, 3, 9, 9, 8, 8, 8, 4, 9, 9, 8, 8, 7, 7, 10, 9, 7, 5, 5, 4, 10, 10, 10, 9, 8, 5, 10, 9, 9, 7, 7, 5, 10, 9, 8, 8, 7, 6, 9, 9, 8, 8, 6, 4, 8, 5, 5, 10, 7, 5, 9, 7, 7, 8, 5, 4, 8, 8, 6, 9, 7, 3, 10, 8, 6, 9, 8, 5, 9, 7, 5, 10, 8, 5, 10, 9, 8, 9, 9, 8, 10, 8, 8, 10, 9, 8, 9, 8, 0, 10, 9, 9, 9, 8, 5, 9, 8, 5, 9, 8, 6, 9, 8, 7, 10, 9, 8, 10, 7, 6]"
Benjamin Arenas,Edinburgh University Archery Club,"[10, 8, 8, 8, 5, 4, 10, 5, 5, 4, 2, 1, 8, 8, 5, 5, 5, 4, 7, 7, 6, 6, 5, 4, 8, 8, 7, 6, 0, 0, 7, 7, 6, 5, 4, 4, 10, 8, 6, 5, 4, 1, 9, 9, 8, 8, 7, 7, 9, 8, 7, 7, 6, 4, 10, 9, 8, 7, 5, 5, 10, 10, 8, 8, 5, 5, 10, 9, 7, 6, 6, 5, 10, 4, 0, 8, 8, 7, 7, 7, 6, 8, 7, 7, 8, 7, 6, 7, 5, 3, 9, 9, 7, 9, 8, 4, 10, 7, 7, 9, 8, 3, 10, 6, 6, 10, 8, 7, 10, 8, 8, 10, 9, 6, 10, 9, 8, 10, 8, 8, 7, 7, 6, 10, 10, 9, 10, 9, 8, 9, 9, 9, 9, 8, 8, 9, 7, 7, 10, 9, 8, 10, 9, 8]"
Matt McCormack,Lancaster University Archery Club,"[8, 7, 6, 5, 3, 1, 10, 8, 6, 6, 5, 2, 8, 6, 6, 5, 5, 2, 8, 8, 7, 7, 6, 4, 9, 7, 7, 7, 5, 5, 9, 8, 7, 6, 6, 0, 9, 8, 4, 0, 0, 0, 7, 6, 6, 3, 3, 1, 9, 8, 7, 6, 4, 0, 7, 7, 6, 5, 5, 3, 10, 10, 8, 8, 7, 5, 9, 7, 7, 6, 6, 4, 6, 4, 1, 7, 5, 5, 6, 5, 4, 7, 6, 4, 9, 7, 1, 10, 8, 5, 10, 6, 5, 8, 6, 5, 9, 6, 6, 4, 4, 2, 6, 6, 4, 9, 9, 3, 10, 9, 8, 9, 9, 6, 10, 8, 8, 9, 8, 8, 9, 9, 8, 9, 9, 9, 8, 8, 8, 10, 9, 8, 10, 9, 8, 9, 8, 8, 9, 9, 8, 9, 8, 7]"
James Nicol,Keele University Archery Club,"[8, 3, 2, 0, 0, 0, 5, 0, 0, 0, 0, 0, 0, 0, 0, 0, 0, 0, 0, 0, 0, 0, 0, 0, 0, 0, 0, 0, 0, 0, 0, 0, 0, 0, 0, 0, 0, 0, 0, 0, 0, 0, 0, 0, 0, 0, 0, 0, 0, 0, 0, 0, 0, 0, 0, 0, 0, 0, 0, 0, 0, 0, 0, 0, 0, 0, 0, 0, 0, 0, 0, 0, 0, 0, 0, 0, 0, 0, 0, 0, 0, 0, 0, 0, 0, 0, 0, 0, 0, 0, 0, 0, 0, 0, 0, 0, 0, 0, 0, 0, 0, 0, 0, 0, 0, 0, 0, 0, 0, 0, 0, 0, 0, 0, 0, 0, 0, 0, 0, 0, 0, 0, 0, 0, 0, 0, 0, 0, 0, 0, 0, 0, 0, 0, 0, 0, 0, 0, 0, 0, 0, 0, 0, 0]"
Chris Woodhead,Lancaster University Archery Club,"[7, 7, 7, 6, 4, 2, 8, 7, 4, 3, 0, 0, 8, 8, 7, 6, 5, 0, 9, 8, 6, 6, 2, 1, 10, 6, 3, 1, 0, 0, 8, 8, 7, 6, 3, 3, 8, 8, 8, 7, 6, 5, 9, 9, 7, 5, 5, 3, 8, 6, 6, 5, 3, 2, 9, 8, 4, 4, 4, 0, 10, 8, 8, 5, 5, 3, 8, 6, 5, 4, 3, 0, 8, 5, 0, 5, 5, 3, 9, 8, 8, 8, 6, 4, 7, 4, 1, 8, 7, 4, 9, 6, 4, 10, 6, 5, 6, 5, 0, 7, 6, 5, 9, 7, 6, 8, 6, 0, 10, 9, 7, 8, 7, 5, 9, 9, 8, 8, 4, 1, 8, 8, 8, 10, 8, 8, 9, 8, 8, 10, 9, 4, 9, 9, 9, 10, 10, 6, 8, 8, 7, 9, 9, 7]"
Rhys Patimore,MMU Cheshire Archery Club,"[0, 0, 0, 0, 0, 0, 0, 0, 0, 0, 0, 0, 0, 0, 0, 0, 0, 0, 0, 0, 0, 0, 0, 0, 1, 0, 0, 0, 0, 0, 0, 0, 0, 0, 0, 0, 0, 0, 0, 0, 0, 0, 4, 0, 0, 0, 0, 0, 8, 1, 0, 0, 0, 0, 7, 0, 0, 0, 0, 0, 4, 2, 2, 2, 0, 0, 6, 5, 2, 1, 0, 0, 3, 0, 0, 6, 0, 0, 0, 0, 0, 9, 0, 0, 0, 0, 0, 0, 0, 0, 0, 0, 0, 0, 0, 0, 0, 0, 0, 0, 0, 0, 0, 0, 0, 4, 4, 0, 10, 0, 0, 3, 1, 0, 4, 0, 0, 8, 2, 0, 6, 6, 4, 5, 4, 4, 3, 3, 2, 6, 5, 2, 8, 5, 2, 6, 5, 2, 4, 3, 2, 4, 4, 0]"
Matthew Langton,Oxford University Company of Archers,"[9, 8, 7, 7, 7, 7, 10, 10, 9, 5, 5, 3, 10, 9, 7, 6, 5, 0, 9, 7, 7, 7, 5, 4, 10, 9, 9, 7, 6, 5, 9, 9, 8, 8, 6, 4, 10, 9, 7, 7, 3, 2, 10, 9, 9, 8, 8, 8, 10, 9, 9, 9, 8, 4, 8, 7, 7, 7, 6, 6, 10, 9, 8, 8, 8, 8, 10, 9, 9, 8, 8, 6, 8, 8, 3, 10, 10, 5, 8, 8, 6, 8, 7, 7, 7, 7, 7, 10, 9, 7, 9, 9, 2, 9, 8, 7, 9, 8, 8, 10, 10, 0, 10, 8, 8, 10, 8, 7, 10, 9, 9, 10, 9, 7, 10, 9, 8, 10, 10, 9, 10, 9, 7, 10, 9, 9, 10, 10, 7, 10, 9, 9, 10, 8, 8, 10, 10, 9, 10, 9, 9, 10, 9, 9]"
Jack Sobey,Oxford University Company of Archers,"[8, 7, 6, 5, 5, 4, 8, 7, 7, 5, 4, 3, 8, 7, 6, 5, 5, 4, 9, 8, 7, 6, 5, 5, 10, 8, 8, 8, 8, 0, 9, 7, 7, 6, 6, 4, 9, 9, 8, 6, 6, 2, 9, 8, 8, 8, 6, 4, 8, 7, 7, 7, 6, 6, 9, 8, 8, 8, 7, 2, 9, 8, 8, 8, 7, 7, 9, 8, 7, 6, 5, 5, 9, 7, 6, 8, 8, 6, 9, 8, 6, 10, 8, 8, 7, 7, 5, 10, 8, 4, 9, 8, 6, 9, 8, 3, 9, 9, 6, 8, 8, 3, 10, 10, 8, 9, 7, 6, 10, 9, 7, 10, 9, 8, 10, 10, 9, 10, 9, 9, 10, 9, 8, 10, 10, 9, 9, 8, 7, 9, 8, 8, 9, 8, 8, 9, 9, 7, 10, 8, 7, 9, 8, 8]"
Dave Jenner,Swansea University Archery Club,"[10, 8, 8, 7, 2, 0, 7, 7, 6, 6, 4, 0, 9, 8, 8, 6, 3, 2, 8, 8, 8, 7, 5, 2, 7, 7, 6, 5, 2, 0, 9, 7, 7, 5, 4, 1, 8, 7, 6, 5, 4, 1, 9, 8, 7, 5, 2, 2, 8, 7, 5, 5, 4, 0, 10, 9, 6, 6, 5, 5, 7, 7, 7, 6, 6, 5, 10, 7, 4, 4, 3, 1, 8, 8, 7, 10, 1, 0, 9, 8, 7, 10, 8, 6, 9, 8, 4, 5, 4, 0, 8, 7, 3, 10, 7, 5, 10, 7, 7, 8, 6, 0, 10, 7, 5, 5, 5, 3, 10, 9, 8, 9, 6, 5, 9, 9, 8, 8, 7, 6, 10, 9, 9, 10, 8, 7, 9, 9, 5, 8, 7, 6, 9, 8, 7, 9, 8, 8, 9, 9, 7, 9, 8, 8]"
John Hodgson,Loughborough Students Archery Club,"[1, 0, 0, 0, 0, 0, 7, 4, 0, 0, 0, 0, 4, 3, 2, 0, 0, 0, 5, 5, 4, 1, 0, 0, 10, 9, 4, 3, 0, 0, 4, 4, 3, 0, 0, 0, 4, 0, 0, 0, 0, 0, 9, 8, 6, 4, 1, 0, 6, 5, 3, 0, 0, 0, 9, 5, 4, 4, 2, 0, 10, 8, 7, 6, 3, 1, 10, 7, 6, 5, 2, 2, 0, 0, 0, 7, 4, 1, 7, 4, 2, 10, 8, 3, 9, 9, 8, 2, 1, 1, 5, 5, 0, 5, 4, 2, 8, 6, 3, 8, 7, 6, 9, 0, 0, 8, 5, 3, 7, 5, 3, 5, 5, 2, 8, 8, 8, 9, 9, 7, 8, 7, 6, 10, 10, 7, 10, 9, 6, 8, 7, 7, 9, 7, 6, 9, 7, 2, 10, 9, 6, 9, 7, 7]"
Edward Reeves,Loughborough Students Archery Club,"[10, 8, 7, 6, 5, 2, 9, 8, 5, 3, 3, 0, 7, 7, 6, 6, 4, 4, 8, 7, 7, 6, 5, 1, 9, 7, 6, 1, 1, 0, 9, 7, 5, 4, 2, 2, 9, 8, 7, 7, 7, 4, 10, 8, 7, 7, 5, 3, 8, 8, 8, 6, 6, 4, 10, 9, 9, 8, 7, 3, 10, 10, 9, 8, 8, 7, 9, 8, 8, 8, 6, 6, 9, 6, 5, 9, 8, 7, 7, 4, 3, 8, 7, 5, 9, 7, 7, 9, 8, 7, 8, 8, 5, 7, 7, 4, 8, 7, 7, 8, 8, 4, 9, 9, 6, 9, 8, 6, 8, 8, 7, 9, 8, 8, 10, 10, 9, 10, 9, 8, 8, 8, 8, 10, 10, 9, 10, 10, 9, 10, 9, 9, 10, 9, 8, 10, 9, 8, 10, 9, 8, 10, 9, 8]"
Alexander Smith,Oxford University Company of Archers,"[9, 7, 7, 5, 5, 5, 9, 9, 8, 8, 7, 6, 9, 9, 7, 7, 7, 4, 8, 7, 6, 5, 4, 2, 9, 9, 9, 8, 5, 4, 8, 8, 6, 6, 6, 5, 10, 9, 8, 7, 6, 3, 8, 7, 7, 7, 4, 4, 9, 8, 8, 7, 6, 0, 10, 9, 8, 7, 5, 4, 9, 9, 9, 7, 6, 5, 9, 8, 8, 7, 7, 3, 7, 7, 5, 9, 8, 7, 9, 9, 8, 10, 9, 9, 9, 8, 1, 9, 9, 6, 7, 5, 5, 8, 8, 5, 9, 9, 8, 8, 6, 2, 9, 7, 5, 10, 7, 7, 10, 9, 8, 10, 9, 8, 10, 9, 9, 10, 10, 10, 10, 8, 0, 9, 9, 8, 9, 9, 0, 10, 10, 9, 10, 9, 9, 10, 8, 7, 9, 8, 0, 10, 10, 9]"
Simon Garrett,University of Aberdeen Archery Club,"[9, 6, 5, 4, 3, 2, 9, 7, 7, 7, 6, 5, 10, 9, 9, 8, 5, 3, 10, 9, 7, 6, 6, 0, 9, 9, 7, 7, 6, 4, 8, 8, 8, 6, 5, 3, 9, 8, 6, 6, 4, 3, 9, 9, 9, 8, 6, 5, 9, 8, 8, 8, 6, 5, 9, 9, 9, 7, 7, 6, 10, 10, 8, 8, 8, 6, 9, 9, 8, 8, 7, 6, 9, 7, 7, 9, 9, 6, 10, 10, 7, 8, 8, 6, 9, 9, 7, 10, 7, 7, 8, 8, 4, 8, 8, 6, 9, 7, 7, 10, 9, 9, 8, 6, 5, 9, 5, 4, 10, 9, 6, 9, 9, 8, 10, 9, 7, 9, 7, 7, 10, 10, 7, 10, 7, 6, 9, 9, 6, 10, 8, 7, 9, 9, 9, 10, 10, 9, 10, 7, 7, 10, 10, 8]"
Ste Jones,Swansea University Archery Club,"[8, 4, 0, 0, 0, 0, 10, 4, 2, 0, 0, 0, 7, 5, 3, 3, 1, 0, 4, 2, 1, 0, 0, 0, 7, 6, 3, 2, 2, 2, 8, 5, 5, 2, 0, 0, 9, 6, 2, 2, 0, 0, 8, 7, 6, 4, 4, 0, 8, 5, 4, 3, 0, 0, 8, 7, 7, 4, 2, 0, 6, 6, 6, 5, 5, 4, 6, 5, 4, 4, 2, 2, 7, 5, 0, 5, 0, 0, 7, 1, 0, 1, 1, 0, 7, 3, 0, 6, 3, 0, 9, 8, 4, 9, 6, 3, 8, 5, 4, 6, 5, 4, 8, 8, 5, 9, 6, 3, 10, 8, 5, 9, 8, 6, 9, 9, 5, 8, 6, 2, 9, 7, 5, 7, 7, 0, 8, 7, 7, 10, 8, 8, 9, 8, 6, 9, 8, 7, 7, 6, 6, 9, 7, 6]"
Richard Whiter,Cambridge University Bowmen,"[8, 6, 6, 5, 2, 0, 10, 9, 9, 7, 3, 2, 10, 7, 5, 5, 3, 0, 9, 8, 8, 7, 5, 0, 8, 6, 6, 5, 5, 1, 10, 8, 6, 5, 3, 3, 9, 9, 7, 5, 4, 3, 9, 9, 8, 7, 5, 5, 10, 9, 8, 8, 7, 6, 10, 9, 8, 7, 4, 3, 9, 9, 8, 8, 6, 4, 9, 9, 8, 8, 6, 5, 8, 7, 6, 8, 8, 6, 9, 7, 6, 8, 6, 2, 8, 8, 7, 10, 8, 6, 8, 7, 6, 8, 6, 6, 8, 5, 4, 9, 8, 3, 9, 7, 5, 9, 8, 3, 10, 9, 7, 10, 9, 8, 9, 9, 8, 10, 8, 8, 10, 9, 8, 10, 9, 8, 10, 10, 9, 9, 9, 8, 9, 8, 7, 10, 9, 8, 10, 8, 8, 10, 9, 9]"
Jethro Cooke,University of Bath Archery Club,"[5, 5, 4, 1, 0, 0, 5, 5, 4, 3, 2, 1, 8, 6, 6, 4, 2, 0, 7, 5, 4, 4, 3, 0, 7, 5, 3, 3, 1, 0, 5, 5, 2, 2, 2, 2, 6, 6, 4, 4, 3, 1, 8, 7, 6, 6, 5, 2, 9, 8, 7, 6, 6, 4, 8, 7, 5, 4, 3, 0, 9, 7, 7, 7, 7, 5, 9, 8, 7, 7, 6, 6, 7, 1, 0, 9, 6, 3, 7, 5, 5, 9, 9, 2, 9, 6, 5, 9, 8, 7, 8, 7, 7, 10, 8, 6, 7, 7, 5, 9, 8, 6, 4, 4, 3, 9, 8, 7, 9, 8, 8, 10, 8, 8, 8, 7, 7, 10, 9, 7, 10, 9, 8, 8, 5, 4, 9, 9, 9, 10, 9, 6, 10, 8, 6, 10, 7, 6, 9, 8, 6, 10, 7, 5]"
Douglas Dutton,University of Aberdeen Archery Club,"[0, 0, 0, 0, 0, 0, 0, 0, 0, 0, 0, 0, 0, 0, 0, 0, 0, 0, 0, 0, 0, 0, 0, 0, 0, 0, 0, 0, 0, 0, 0, 0, 0, 0, 0, 0, 0, 0, 0, 0, 0, 0, 0, 0, 0, 0, 0, 0, 0, 0, 0, 0, 0, 0, 0, 0, 0, 0, 0, 0, 0, 0, 0, 0, 0, 0, 0, 0, 0, 0, 0, 0, 0, 0, 0, 0, 0, 0, 0, 0, 0, 0, 0, 0, 0, 0, 0, 0, 0, 0, 0, 0, 0, 0, 0, 0, 0, 0, 0, 0, 0, 0, 0, 0, 0, 0, 0, 0, 0, 0, 0, 0, 0, 0, 0, 0, 0, 0, 0, 0, 0, 0, 0, 0, 0, 0, 0, 0, 0, 0, 0, 0, 0, 0, 0, 0, 0, 0, 0, 0, 0, 0, 0, 0]"
Jonathan Hilliard,University of Bath Archery Club,"[10, 8, 7, 5, 5, 0, 10, 7, 5, 3, 0, 0, 10, 3, 1, 0, 0, 0, 7, 7, 4, 2, 1, 0, 8, 6, 5, 3, 0, 0, 8, 7, 5, 5, 2, 2, 9, 7, 6, 6, 1, 0, 9, 5, 4, 4, 4, 0, 6, 4, 1, 0, 0, 0, 10, 9, 5, 4, 4, 2, 9, 9, 8, 8, 7, 7, 8, 8, 7, 6, 5, 2, 7, 4, 1, 6, 3, 0, 6, 4, 2, 4, 1, 0, 8, 7, 0, 7, 6, 0, 6, 5, 0, 6, 6, 0, 9, 9, 6, 8, 8, 0, 7, 7, 5, 9, 3, 3, 9, 5, 2, 8, 7, 5, 7, 5, 3, 10, 6, 5, 10, 9, 7, 9, 6, 5, 8, 7, 4, 7, 5, 0, 10, 9, 5, 9, 8, 8, 9, 7, 7, 10, 9, 8]"
Tak Ho,Cambridge University Bowmen,"[8, 6, 5, 4, 4, 1, 8, 7, 7, 5, 5, 0, 8, 7, 5, 5, 4, 3, 7, 6, 6, 5, 3, 1, 8, 8, 8, 6, 4, 4, 8, 6, 6, 6, 2, 0, 7, 6, 6, 5, 5, 2, 9, 8, 8, 5, 0, 0, 9, 8, 7, 5, 5, 5, 10, 8, 8, 8, 6, 1, 8, 8, 8, 7, 7, 2, 7, 6, 6, 5, 5, 5, 7, 2, 0, 9, 5, 0, 8, 4, 2, 5, 0, 0, 10, 8, 7, 9, 7, 7, 9, 7, 4, 10, 10, 7, 9, 8, 6, 8, 8, 8, 10, 9, 3, 9, 8, 0, 7, 7, 7, 9, 8, 7, 10, 8, 7, 10, 9, 7, 8, 7, 6, 10, 10, 8, 10, 10, 9, 9, 8, 7, 10, 10, 9, 10, 7, 7, 9, 7, 5, 9, 8, 6]"
Shaun Rhodes,Derby University Archery Club,"[8, 7, 6, 6, 2, 1, 10, 10, 8, 8, 7, 3, 10, 9, 9, 8, 8, 3, 8, 7, 7, 5, 4, 4, 10, 9, 9, 7, 7, 3, 10, 9, 8, 8, 7, 7, 10, 7, 6, 6, 5, 0, 10, 9, 9, 8, 6, 5, 10, 9, 9, 7, 5, 1, 10, 8, 8, 6, 5, 5, 10, 9, 8, 8, 7, 6, 9, 9, 7, 7, 7, 4, 10, 9, 6, 7, 7, 5, 10, 6, 6, 9, 9, 6, 9, 8, 6, 8, 7, 5, 9, 9, 9, 9, 9, 7, 9, 9, 7, 8, 8, 6, 10, 9, 6, 8, 8, 5, 9, 8, 7, 10, 9, 9, 10, 8, 8, 10, 10, 9, 10, 9, 7, 10, 9, 8, 9, 8, 8, 10, 9, 7, 9, 7, 6, 10, 9, 7, 10, 10, 7, 9, 8, 8]"
Jack Atkinson,Cambridge University Bowmen,"[9, 6, 5, 5, 0, 0, 9, 8, 7, 6, 6, 5, 8, 7, 2, 0, 0, 0, 8, 7, 6, 5, 2, 1, 7, 6, 4, 2, 0, 0, 7, 7, 6, 3, 1, 0, 9, 9, 6, 6, 4, 3, 9, 9, 9, 8, 8, 5, 8, 8, 8, 7, 6, 5, 9, 9, 8, 7, 4, 3, 9, 9, 9, 7, 5, 4, 8, 8, 8, 5, 4, 4, 8, 6, 6, 8, 7, 6, 5, 5, 0, 10, 4, 4, 10, 10, 8, 8, 8, 6, 9, 8, 7, 10, 9, 9, 8, 7, 7, 8, 7, 5, 8, 8, 4, 8, 7, 4, 10, 9, 8, 10, 8, 7, 9, 8, 7, 8, 8, 7, 8, 7, 6, 8, 8, 7, 9, 9, 8, 9, 9, 8, 9, 8, 8, 10, 7, 7, 10, 9, 7, 10, 10, 7]"
Alexander Hickson,University of Bath Archery Club,"[10, 10, 10, 9, 9, 8, 9, 9, 8, 8, 8, 5, 8, 7, 7, 7, 6, 5, 9, 9, 6, 6, 6, 5, 9, 9, 8, 6, 5, 4, 8, 7, 7, 6, 6, 4, 8, 8, 8, 8, 7, 3, 10, 10, 8, 6, 6, 4, 10, 9, 8, 7, 7, 5, 10, 9, 8, 7, 6, 6, 9, 8, 8, 8, 7, 6, 10, 10, 9, 9, 9, 6, 8, 7, 7, 10, 9, 7, 10, 9, 9, 9, 9, 9, 9, 9, 6, 8, 8, 8, 9, 8, 7, 10, 9, 9, 10, 7, 5, 10, 10, 6, 10, 9, 8, 8, 8, 7, 9, 9, 8, 9, 9, 8, 10, 9, 7, 10, 10, 9, 10, 9, 7, 10, 10, 9, 10, 9, 7, 10, 10, 9, 10, 9, 9, 10, 10, 10, 9, 8, 7, 10, 10, 8]"
Douglas Jardine,Edinburgh University Archery Club,"[9, 8, 8, 7, 6, 4, 9, 9, 8, 6, 5, 3, 10, 10, 9, 8, 7, 5, 8, 8, 8, 7, 7, 6, 10, 9, 9, 8, 7, 3, 9, 9, 9, 8, 7, 7, 10, 8, 8, 8, 8, 7, 10, 9, 9, 9, 4, 2, 10, 9, 9, 7, 6, 3, 9, 9, 9, 6, 6, 5, 8, 8, 7, 7, 5, 0, 10, 9, 9, 9, 7, 7, 10, 9, 8, 9, 8, 7, 10, 9, 7, 9, 8, 7, 8, 8, 3, 10, 8, 6, 9, 7, 6, 9, 8, 7, 8, 8, 5, 9, 8, 7, 8, 7, 6, 9, 6, 5, 10, 9, 8, 9, 9, 9, 10, 9, 8, 10, 10, 8, 10, 10, 8, 9, 9, 8, 10, 9, 9, 10, 10, 9, 10, 10, 9, 9, 9, 8, 10, 9, 9, 9, 9, 8]"
Michael Wooster,University of Bath Archery Club,"[4, 0, 0, 0, 0, 0, 0, 0, 0, 0, 0, 0, 0, 0, 0, 0, 0, 0, 0, 0, 0, 0, 0, 0, 0, 0, 0, 0, 0, 0, 0, 0, 0, 0, 0, 0, 7, 0, 0, 0, 0, 0, 8, 3, 0, 0, 0, 0, 2, 1, 0, 0, 0, 0, 8, 8, 0, 0, 0, 0, 9, 1, 0, 0, 0, 0, 6, 1, 0, 0, 0, 0, 5, 0, 0, 7, 4, 1, 9, 4, 0, 7, 3, 0, 0, 0, 0, 2, 0, 0, 0, 0, 0, 0, 0, 0, 0, 0, 0, 0, 0, 0, 10, 0, 0, 3, 0, 0, 3, 2, 1, 8, 6, 5, 9, 4, 0, 6, 3, 3, 4, 2, 1, 9, 4, 0, 9, 7, 6, 5, 4, 1, 8, 8, 0, 10, 6, 0, 7, 6, 0, 1, 1, 0]"
Tom Currall,Derby University Archery Club,"[10, 8, 8, 7, 3, 2, 8, 7, 6, 4, 4, 1, 8, 7, 6, 6, 5, 5, 9, 9, 7, 7, 5, 5, 10, 8, 8, 7, 6, 3, 9, 9, 8, 8, 8, 2, 10, 9, 8, 6, 5, 5, 9, 9, 9, 8, 7, 6, 10, 9, 8, 8, 8, 5, 10, 10, 9, 9, 8, 6, 10, 9, 8, 8, 7, 7, 10, 10, 10, 8, 7, 7, 8, 5, 2, 8, 7, 6, 10, 9, 6, 10, 9, 5, 9, 7, 3, 8, 6, 6, 10, 8, 8, 8, 8, 8, 10, 8, 8, 8, 8, 5, 10, 8, 7, 9, 9, 8, 10, 9, 8, 9, 9, 8, 10, 9, 8, 10, 9, 9, 10, 9, 7, 9, 8, 8, 10, 8, 8, 10, 10, 9, 10, 10, 9, 8, 8, 7, 10, 9, 9, 9, 9, 8]"
Adam Williams,Exeter University Archery Club,"[9, 9, 7, 6, 3, 3, 8, 8, 5, 5, 2, 0, 9, 5, 3, 2, 2, 0, 7, 6, 6, 4, 2, 0, 7, 5, 5, 3, 1, 0, 8, 8, 8, 6, 4, 0, 10, 5, 3, 2, 0, 0, 9, 8, 8, 4, 2, 2, 7, 7, 6, 6, 6, 5, 10, 8, 6, 6, 4, 3, 8, 8, 7, 6, 6, 3, 9, 5, 3, 2, 2, 1, 5, 4, 3, 4, 2, 1, 6, 6, 6, 7, 3, 1, 10, 8, 6, 8, 3, 0, 9, 5, 4, 9, 7, 6, 10, 7, 6, 7, 6, 2, 10, 9, 3, 8, 6, 6, 10, 8, 0, 8, 8, 8, 10, 8, 8, 10, 10, 8, 9, 9, 9, 8, 8, 7, 10, 9, 5, 10, 10, 9, 10, 9, 8, 10, 9, 6, 10, 9, 9, 10, 9, 9]"
Brian Martin,Derby University Archery Club,"[7, 6, 4, 3, 3, 2, 9, 7, 7, 6, 5, 2, 9, 9, 8, 7, 5, 5, 8, 7, 7, 6, 5, 1, 9, 8, 5, 5, 0, 0, 9, 8, 8, 8, 7, 6, 10, 9, 8, 8, 7, 5, 10, 9, 8, 7, 6, 5, 8, 8, 8, 5, 5, 4, 9, 8, 7, 7, 6, 6, 9, 8, 7, 7, 4, 4, 10, 9, 8, 6, 6, 3, 9, 5, 5, 8, 7, 7, 9, 7, 6, 8, 5, 4, 9, 8, 7, 9, 8, 8, 10, 7, 5, 8, 7, 4, 7, 5, 2, 8, 7, 4, 9, 9, 8, 9, 9, 3, 6, 6, 3, 9, 9, 7, 10, 8, 7, 9, 7, 7, 9, 7, 6, 10, 9, 7, 9, 9, 7, 9, 8, 7, 10, 9, 6, 8, 8, 7, 10, 9, 6, 7, 6, 4]"
Stephen Wilkinson,University of Huddersfield Archery Club,"[9, 8, 6, 5, 4, 0, 8, 5, 4, 1, 0, 0, 6, 6, 4, 3, 2, 0, 8, 8, 4, 0, 0, 0, 8, 7, 4, 4, 2, 0, 8, 7, 7, 6, 6, 2, 9, 8, 8, 7, 5, 5, 8, 7, 6, 6, 3, 0, 8, 7, 6, 4, 4, 0, 10, 8, 5, 5, 1, 0, 10, 8, 8, 6, 4, 2, 9, 9, 7, 7, 6, 5, 8, 6, 4, 8, 8, 5, 9, 4, 3, 10, 8, 6, 8, 6, 6, 8, 7, 6, 9, 9, 6, 8, 8, 6, 8, 7, 3, 7, 4, 4, 9, 6, 6, 8, 8, 5, 10, 8, 8, 8, 8, 8, 10, 8, 7, 10, 7, 7, 8, 8, 7, 9, 7, 6, 9, 9, 9, 9, 8, 7, 10, 10, 9, 7, 7, 7, 9, 9, 9, 9, 8, 7]"
Matthew Batchelor,Exeter University Archery Club,"[9, 8, 8, 4, 2, 0, 4, 3, 3, 0, 0, 0, 6, 1, 0, 0, 0, 0, 10, 5, 4, 2, 2, 0, 10, 8, 6, 5, 3, 0, 1, 0, 0, 0, 0, 0, 8, 6, 0, 0, 0, 0, 4, 3, 1, 1, 0, 0, 7, 4, 2, 1, 1, 0, 9, 8, 7, 6, 4, 1, 8, 8, 8, 3, 3, 1, 9, 7, 6, 6, 5, 2, 9, 8, 0, 7, 5, 3, 1, 0, 0, 6, 3, 0, 4, 3, 1, 8, 3, 1, 3, 3, 0, 6, 5, 0, 6, 6, 5, 7, 1, 0, 10, 7, 7, 7, 6, 2, 8, 6, 4, 9, 7, 6, 10, 9, 3, 8, 8, 7, 10, 9, 7, 9, 6, 6, 9, 6, 6, 9, 8, 6, 8, 8, 7, 9, 8, 7, 10, 7, 5, 9, 9, 9]"
Robbie Crick,Edinburgh University Archery Club,"[6, 4, 4, 1, 0, 0, 7, 4, 2, 0, 0, 0, 5, 4, 1, 0, 0, 0, 9, 7, 6, 4, 0, 0, 5, 5, 4, 2, 1, 0, 9, 8, 6, 2, 0, 0, 10, 9, 8, 8, 3, 2, 9, 8, 8, 6, 5, 3, 6, 6, 5, 4, 3, 0, 10, 9, 9, 9, 8, 5, 9, 7, 6, 5, 3, 0, 10, 10, 6, 6, 4, 3, 10, 9, 8, 8, 8, 5, 8, 8, 5, 9, 8, 7, 7, 7, 6, 9, 5, 4, 9, 8, 5, 10, 9, 3, 9, 7, 5, 10, 8, 6, 10, 10, 7, 9, 8, 4, 10, 9, 9, 9, 9, 8, 10, 9, 8, 9, 8, 8, 9, 9, 9, 9, 8, 2, 8, 6, 6, 9, 9, 9, 9, 9, 8, 10, 8, 8, 9, 9, 7, 9, 9, 7]"
Lewis Shaw,University of Huddersfield Archery Club,"[8, 5, 4, 1, 0, 0, 7, 7, 6, 0, 0, 0, 0, 0, 0, 0, 0, 0, 4, 0, 0, 0, 0, 0, 3, 2, 0, 0, 0, 0, 0, 0, 0, 0, 0, 0, 0, 0, 0, 0, 0, 0, 5, 4, 1, 0, 0, 0, 7, 6, 3, 2, 0, 0, 10, 8, 6, 6, 4, 4, 9, 9, 6, 5, 0, 0, 7, 6, 6, 5, 5, 1, 0, 0, 0, 2, 2, 0, 10, 7, 0, 3, 0, 0, 8, 4, 1, 6, 2, 0, 6, 2, 0, 7, 1, 0, 8, 0, 0, 7, 1, 0, 2, 0, 0, 8, 4, 0, 7, 7, 3, 8, 6, 4, 7, 5, 3, 9, 6, 1, 8, 8, 4, 7, 5, 4, 10, 7, 4, 7, 4, 4, 9, 3, 0, 7, 6, 3, 9, 8, 7, 7, 3, 2]"
Andrew Vo,University of Kent Archery Club,"[6, 4, 3, 2, 2, 2, 9, 7, 5, 5, 4, 2, 7, 7, 7, 5, 5, 2, 7, 5, 4, 3, 3, 1, 8, 7, 5, 4, 3, 2, 10, 8, 6, 6, 6, 1, 7, 4, 2, 1, 0, 0, 7, 7, 6, 5, 5, 4, 8, 7, 7, 4, 3, 3, 10, 10, 9, 8, 7, 5, 9, 9, 7, 5, 4, 0, 8, 8, 8, 7, 7, 5, 3, 2, 0, 8, 8, 6, 10, 7, 5, 8, 7, 6, 9, 7, 3, 10, 9, 7, 9, 8, 6, 8, 7, 7, 9, 6, 5, 7, 6, 5, 9, 9, 2, 9, 5, 5, 10, 9, 9, 10, 10, 7, 9, 9, 8, 10, 8, 7, 7, 7, 7, 9, 9, 9, 10, 9, 9, 10, 10, 9, 10, 8, 7, 9, 9, 7, 8, 7, 6, 9, 8, 7]"
Robert Warner,Derby University Archery Club,"[5, 5, 3, 3, 1, 1, 9, 4, 3, 3, 1, 0, 9, 8, 7, 6, 5, 0, 7, 6, 6, 5, 4, 3, 10, 6, 6, 1, 1, 0, 8, 8, 7, 7, 5, 5, 8, 8, 8, 4, 3, 0, 9, 6, 6, 5, 5, 4, 9, 8, 7, 7, 7, 6, 7, 6, 5, 4, 3, 1, 8, 6, 6, 4, 3, 1, 7, 6, 6, 5, 4, 4, 7, 0, 0, 9, 8, 8, 10, 8, 5, 10, 7, 4, 8, 8, 7, 9, 8, 7, 8, 6, 6, 10, 7, 3, 6, 5, 5, 8, 5, 2, 8, 6, 3, 9, 9, 6, 8, 5, 4, 7, 7, 1, 9, 9, 7, 10, 5, 4, 10, 9, 8, 9, 8, 7, 8, 8, 7, 8, 8, 5, 10, 10, 8, 9, 8, 5, 8, 7, 6, 10, 8, 7]"
Sherman Ip,University of London Archery Club,"[10, 9, 7, 5, 5, 4, 7, 6, 6, 5, 4, 3, 10, 9, 7, 7, 6, 4, 7, 7, 7, 7, 5, 0, 7, 7, 7, 5, 3, 2, 8, 6, 6, 4, 2, 0, 10, 9, 9, 7, 7, 7, 9, 9, 8, 7, 6, 6, 9, 9, 8, 8, 7, 7, 10, 9, 8, 6, 6, 5, 10, 8, 8, 7, 6, 0, 9, 9, 8, 7, 6, 6, 8, 7, 7, 6, 5, 3, 9, 8, 7, 8, 7, 5, 10, 8, 7, 10, 8, 5, 9, 8, 7, 10, 7, 4, 10, 9, 9, 9, 7, 6, 9, 8, 7, 9, 9, 9, 10, 9, 7, 10, 10, 10, 10, 5, 5, 9, 8, 8, 9, 9, 8, 10, 10, 9, 9, 9, 8, 10, 9, 8, 8, 7, 6, 9, 8, 8, 10, 7, 7, 10, 10, 9]"
Bilaal Mohammad,Derby University Archery Club,"[8, 7, 7, 6, 5, 5, 9, 9, 7, 6, 5, 0, 8, 7, 7, 7, 5, 4, 8, 6, 3, 3, 2, 2, 9, 7, 7, 6, 2, 1, 8, 8, 4, 4, 2, 0, 8, 8, 8, 7, 6, 6, 10, 9, 8, 8, 6, 4, 9, 8, 8, 7, 7, 1, 9, 9, 7, 7, 6, 6, 9, 9, 8, 6, 6, 0, 9, 8, 8, 8, 7, 5, 8, 7, 6, 6, 5, 5, 8, 7, 4, 9, 8, 8, 9, 7, 6, 9, 8, 7, 9, 9, 5, 9, 7, 6, 9, 8, 7, 9, 7, 3, 9, 6, 1, 8, 7, 0, 2, 0, 0, 6, 4, 1, 8, 7, 7, 9, 7, 5, 10, 9, 6, 7, 7, 0, 9, 9, 6, 7, 6, 6, 7, 6, 3, 7, 7, 3, 10, 9, 6, 8, 8, 7]"
Huw Vaughan-Jackson,Edinburgh University Archery Club,"[9, 8, 7, 6, 6, 0, 8, 6, 5, 5, 4, 1, 10, 9, 7, 7, 3, 2, 10, 8, 7, 6, 2, 0, 8, 7, 5, 4, 4, 1, 10, 4, 3, 2, 0, 0, 8, 6, 6, 5, 2, 1, 10, 8, 5, 5, 5, 3, 10, 8, 5, 5, 2, 1, 10, 10, 8, 7, 4, 3, 9, 8, 7, 7, 7, 4, 9, 8, 7, 7, 4, 3, 9, 5, 1, 9, 9, 7, 7, 7, 5, 8, 6, 5, 8, 6, 4, 9, 8, 4, 7, 6, 4, 10, 7, 6, 7, 5, 2, 7, 7, 4, 9, 6, 5, 8, 7, 5, 8, 8, 8, 10, 8, 8, 9, 8, 6, 10, 8, 7, 9, 7, 6, 10, 9, 8, 8, 6, 6, 8, 7, 7, 8, 8, 7, 9, 9, 7, 8, 7, 6, 9, 6, 5]"
Robert Smith,Liverpool University Archery Club,"[9, 8, 7, 7, 7, 2, 8, 7, 7, 6, 6, 1, 8, 8, 5, 5, 4, 3, 10, 10, 5, 4, 2, 2, 9, 8, 7, 4, 3, 3, 9, 7, 7, 6, 6, 1, 8, 2, 1, 0, 0, 0, 8, 6, 3, 0, 0, 0, 10, 7, 7, 6, 5, 5, 8, 8, 7, 6, 5, 4, 10, 9, 9, 8, 7, 5, 9, 7, 6, 5, 3, 2, 7, 7, 6, 8, 7, 2, 9, 6, 5, 10, 8, 6, 9, 7, 5, 8, 7, 3, 8, 6, 1, 8, 7, 5, 9, 8, 7, 8, 4, 4, 7, 7, 6, 8, 7, 2, 9, 7, 6, 9, 7, 6, 8, 6, 6, 10, 10, 9, 8, 7, 7, 10, 8, 7, 8, 7, 6, 9, 8, 7, 10, 9, 6, 10, 10, 7, 9, 8, 8, 10, 10, 9]"
James Strudwick,Southampton University Archery Club,"[7, 5, 0, 0, 0, 0, 6, 3, 3, 0, 0, 0, 6, 5, 1, 0, 0, 0, 6, 5, 0, 0, 0, 0, 1, 1, 0, 0, 0, 0, 3, 3, 2, 0, 0, 0, 4, 2, 1, 0, 0, 0, 10, 8, 6, 4, 2, 0, 8, 7, 6, 5, 5, 0, 4, 2, 2, 0, 0, 0, 9, 7, 5, 5, 4, 1, 6, 5, 5, 5, 5, 2, 4, 4, 2, 7, 6, 5, 7, 7, 6, 7, 6, 4, 7, 6, 5, 9, 4, 2, 9, 1, 0, 10, 10, 7, 7, 2, 1, 8, 7, 3, 9, 3, 3, 9, 7, 3, 9, 7, 4, 8, 5, 4, 10, 8, 8, 8, 7, 7, 9, 8, 7, 9, 6, 4, 8, 7, 4, 8, 8, 3, 8, 7, 5, 10, 7, 5, 7, 5, 2, 9, 7, 6]"
Tom Holdich,Sheffield University Archery Club,"[0, 0, 0, 0, 0, 0, 6, 4, 3, 0, 0, 0, 7, 6, 1, 0, 0, 0, 10, 8, 6, 4, 0, 0, 5, 5, 1, 0, 0, 0, 8, 5, 1, 0, 0, 0, 9, 2, 0, 0, 0, 0, 8, 5, 4, 4, 0, 0, 0, 0, 0, 0, 0, 0, 10, 4, 2, 2, 0, 0, 3, 1, 1, 1, 0, 0, 6, 3, 2, 2, 1, 0, 0, 0, 0, 4, 0, 0, 7, 5, 2, 10, 4, 2, 6, 2, 0, 9, 7, 2, 6, 5, 5, 0, 0, 0, 9, 2, 1, 7, 5, 2, 4, 2, 0, 8, 4, 2, 6, 5, 3, 8, 7, 7, 9, 9, 7, 9, 8, 4, 10, 10, 7, 10, 9, 5, 10, 9, 8, 8, 8, 7, 10, 6, 5, 8, 7, 2, 9, 6, 5, 8, 8, 7]"
Lifei Zhang,University of London Archery Club,"[8, 8, 7, 5, 4, 0, 9, 9, 8, 3, 1, 0, 8, 8, 6, 4, 3, 0, 9, 6, 5, 3, 2, 1, 8, 8, 7, 6, 3, 2, 9, 9, 7, 7, 6, 5, 10, 9, 9, 7, 5, 4, 9, 9, 8, 7, 6, 1, 9, 8, 6, 6, 3, 2, 9, 9, 8, 7, 5, 5, 9, 8, 7, 7, 6, 4, 9, 8, 8, 7, 7, 6, 6, 2, 0, 8, 7, 7, 8, 3, 0, 8, 6, 0, 6, 5, 2, 9, 7, 0, 7, 6, 3, 8, 8, 3, 7, 6, 5, 3, 3, 2, 7, 5, 3, 9, 9, 7, 9, 8, 8, 10, 8, 8, 8, 8, 3, 6, 6, 5, 0, 9, 5, 8, 8, 8, 10, 9, 8, 10, 9, 6, 9, 8, 5, 10, 6, 2, 10, 7, 6, 10, 8, 7]"
Alexander Gilliland,Edinburgh University Archery Club,"[4, 3, 2, 0, 0, 0, 9, 5, 5, 1, 0, 0, 7, 5, 4, 4, 2, 0, 7, 6, 6, 4, 4, 0, 8, 5, 5, 3, 0, 0, 8, 4, 1, 0, 0, 0, 2, 1, 1, 0, 0, 0, 7, 7, 6, 4, 1, 0, 6, 5, 3, 2, 2, 1, 6, 4, 4, 3, 0, 0, 10, 9, 6, 4, 3, 3, 9, 8, 5, 3, 3, 0, 2, 2, 0, 6, 3, 1, 5, 4, 0, 6, 6, 0, 8, 7, 4, 4, 4, 3, 9, 9, 0, 8, 8, 4, 9, 4, 1, 9, 4, 3, 8, 0, 0, 5, 5, 0, 8, 6, 4, 7, 5, 5, 9, 8, 5, 7, 4, 3, 8, 8, 4, 10, 7, 4, 9, 8, 7, 8, 7, 5, 7, 6, 5, 9, 9, 7, 8, 8, 7, 9, 3, 3]"
Tom Bainbridge,Sheffield Hallam University Archery Club,"[0, 0, 0, 0, 0, 0, 0, 0, 0, 0, 0, 0, 0, 0, 0, 0, 0, 0, 0, 0, 0, 0, 0, 0, 0, 0, 0, 0, 0, 0, 0, 0, 0, 0, 0, 0, 0, 0, 0, 0, 0, 0, 0, 0, 0, 0, 0, 0, 0, 0, 0, 0, 0, 0, 0, 0, 0, 0, 0, 0, 0, 0, 0, 0, 0, 0, 0, 0, 0, 0, 0, 0, 0, 0, 0, 0, 0, 0, 0, 0, 0, 0, 0, 0, 0, 0, 0, 0, 0, 0, 0, 0, 0, 0, 0, 0, 0, 0, 0, 0, 0, 0, 0, 0, 0, 0, 0, 0, 0, 0, 0, 0, 0, 0, 0, 0, 0, 0, 0, 0, 0, 0, 0, 0, 0, 0, 0, 0, 0, 0, 0, 0, 0, 0, 0, 0, 0, 0, 0, 0, 0, 0, 0, 0]"
Richard Jones,Liverpool University Archery Club,"[7, 5, 5, 4, 4, 3, 8, 6, 5, 3, 0, 0, 8, 4, 1, 0, 0, 0, 6, 3, 3, 3, 2, 1, 8, 8, 6, 5, 3, 0, 9, 3, 2, 1, 1, 0, 6, 5, 5, 4, 4, 3, 8, 6, 4, 4, 1, 1, 9, 8, 8, 7, 5, 4, 8, 8, 7, 4, 4, 1, 9, 8, 7, 7, 6, 6, 7, 5, 5, 5, 3, 1, 4, 3, 2, 10, 7, 5, 8, 3, 1, 10, 7, 7, 7, 7, 2, 3, 2, 1, 8, 6, 1, 8, 5, 3, 7, 6, 4, 6, 6, 3, 7, 4, 2, 6, 6, 1, 7, 7, 6, 9, 8, 7, 9, 7, 4, 7, 7, 7, 10, 9, 7, 8, 8, 7, 10, 8, 8, 7, 7, 5, 7, 4, 3, 6, 5, 2, 6, 6, 4, 7, 6, 6]"
Luis Filipe Paulinyi,Southampton University Archery Club,"[8, 7, 6, 5, 5, 3, 9, 9, 8, 7, 7, 4, 10, 9, 9, 9, 6, 6, 9, 9, 9, 7, 7, 7, 9, 9, 8, 7, 7, 5, 8, 8, 8, 7, 7, 6, 10, 9, 7, 7, 7, 7, 9, 9, 9, 8, 7, 6, 9, 9, 9, 9, 8, 8, 9, 9, 9, 9, 8, 8, 9, 9, 9, 9, 8, 8, 10, 9, 9, 8, 8, 6, 9, 8, 8, 9, 9, 7, 8, 8, 8, 10, 9, 8, 7, 7, 7, 10, 9, 9, 9, 8, 6, 9, 9, 7, 8, 8, 4, 9, 9, 8, 9, 9, 9, 8, 8, 7, 10, 10, 8, 10, 10, 9, 9, 9, 9, 10, 9, 9, 9, 9, 8, 10, 10, 10, 9, 9, 9, 9, 9, 8, 9, 9, 8, 10, 10, 9, 10, 10, 9, 10, 9, 8]"
Anthony Tang,University of London Archery Club,"[0, 0, 0, 0, 0, 0, 0, 0, 0, 0, 0, 0, 0, 0, 0, 0, 0, 0, 0, 0, 0, 0, 0, 0, 0, 0, 0, 0, 0, 0, 0, 0, 0, 0, 0, 0, 0, 0, 0, 0, 0, 0, 0, 0, 0, 0, 0, 0, 0, 0, 0, 0, 0, 0, 0, 0, 0, 0, 0, 0, 0, 0, 0, 0, 0, 0, 0, 0, 0, 0, 0, 0, 0, 0, 0, 0, 0, 0, 0, 0, 0, 0, 0, 0, 0, 0, 0, 0, 0, 0, 0, 0, 0, 0, 0, 0, 0, 0, 0, 0, 0, 0, 0, 0, 0, 0, 0, 0, 0, 0, 0, 0, 0, 0, 0, 0, 0, 0, 0, 0, 0, 0, 0, 0, 0, 0, 0, 0, 0, 0, 0, 0, 0, 0, 0, 0, 0, 0, 0, 0, 0, 0, 0, 0]"
Theo Chen-Sverre,Southampton University Archery Club,"[8, 4, 3, 3, 2, 0, 4, 2, 2, 2, 0, 0, 7, 6, 6, 5, 3, 2, 9, 8, 7, 7, 6, 5, 8, 5, 4, 0, 0, 0, 6, 5, 5, 2, 0, 0, 7, 6, 6, 4, 2, 2, 8, 8, 6, 5, 3, 2, 9, 5, 2, 0, 0, 0, 10, 8, 4, 3, 2, 2, 7, 6, 6, 5, 5, 4, 8, 7, 7, 6, 5, 0, 0, 0, 0, 8, 7, 2, 0, 0, 0, 0, 0, 0, 0, 0, 0, 0, 0, 0, 0, 0, 0, 0, 0, 0, 0, 0, 0, 0, 0, 0, 0, 0, 0, 0, 0, 0, 0, 0, 0, 0, 0, 0, 0, 0, 0, 0, 0, 0, 0, 0, 0, 0, 0, 0, 0, 0, 0, 0, 0, 0, 0, 0, 0, 0, 0, 0, 0, 0, 0, 0, 0, 0]"
George Harding,Nottingham University Archery Club,"[8, 8, 8, 7, 7, 6, 10, 9, 6, 6, 5, 4, 10, 8, 8, 6, 6, 4, 8, 7, 7, 6, 5, 4, 9, 8, 8, 8, 7, 7, 10, 7, 7, 6, 6, 4, 9, 9, 9, 9, 8, 6, 10, 9, 9, 8, 8, 8, 10, 10, 9, 9, 8, 7, 9, 9, 9, 8, 7, 5, 10, 10, 9, 8, 8, 7, 10, 10, 9, 8, 8, 8, 10, 10, 7, 10, 9, 8, 9, 9, 8, 8, 8, 6, 8, 8, 5, 9, 8, 6, 9, 9, 8, 9, 8, 8, 10, 9, 8, 10, 9, 8, 9, 9, 8, 10, 10, 8, 10, 10, 10, 10, 10, 9, 10, 10, 10, 10, 10, 9, 10, 10, 9, 10, 10, 10, 10, 9, 8, 10, 10, 9, 10, 10, 10, 10, 10, 9, 10, 10, 10, 10, 10, 10]"
Colin Gordon,University of London Archery Club,"[6, 6, 5, 3, 3, 1, 8, 6, 6, 4, 0, 0, 7, 7, 5, 5, 2, 0, 8, 6, 5, 4, 1, 0, 8, 6, 6, 5, 5, 4, 7, 4, 4, 4, 3, 2, 6, 3, 3, 0, 0, 0, 7, 7, 5, 5, 5, 4, 9, 8, 6, 6, 5, 5, 7, 7, 5, 5, 3, 0, 7, 7, 6, 5, 5, 3, 9, 8, 7, 7, 2, 1, 5, 2, 2, 3, 1, 0, 10, 2, 2, 6, 3, 1, 5, 3, 3, 8, 6, 0, 8, 7, 0, 10, 7, 4, 6, 5, 2, 8, 6, 1, 8, 7, 2, 9, 6, 6, 7, 6, 4, 6, 6, 5, 9, 8, 7, 9, 9, 7, 10, 9, 7, 10, 8, 7, 10, 9, 4, 8, 5, 4, 9, 8, 7, 9, 5, 5, 9, 9, 9, 10, 10, 7]"
David Forster,Brunel University Archery Club,"[10, 9, 8, 8, 7, 3, 10, 9, 7, 6, 6, 1, 9, 8, 7, 6, 5, 4, 9, 8, 8, 8, 5, 4, 10, 9, 9, 8, 7, 5, 9, 8, 6, 5, 5, 2, 9, 8, 8, 6, 5, 4, 9, 9, 8, 8, 7, 7, 10, 8, 8, 7, 6, 5, 10, 10, 10, 8, 8, 7, 10, 8, 8, 8, 6, 6, 10, 9, 8, 8, 7, 6, 9, 7, 6, 10, 6, 6, 9, 8, 6, 8, 6, 4, 9, 8, 5, 8, 7, 5, 10, 9, 8, 9, 8, 4, 9, 8, 2, 9, 9, 7, 7, 7, 7, 9, 8, 8, 10, 9, 7, 9, 9, 8, 9, 8, 8, 10, 9, 8, 9, 9, 8, 10, 10, 9, 9, 9, 9, 9, 8, 7, 10, 9, 8, 9, 9, 8, 10, 10, 10, 10, 9, 9]"
Declan Ashworth,Southampton University Archery Club,"[10, 8, 6, 4, 0, 0, 9, 7, 4, 2, 0, 0, 6, 6, 6, 3, 2, 0, 3, 3, 2, 0, 0, 0, 8, 5, 3, 3, 0, 0, 7, 7, 6, 4, 4, 3, 8, 7, 7, 5, 0, 0, 6, 6, 6, 4, 3, 1, 9, 8, 6, 5, 5, 4, 8, 8, 6, 5, 3, 1, 6, 5, 5, 2, 1, 0, 7, 6, 6, 5, 1, 0, 7, 3, 1, 5, 4, 0, 9, 4, 1, 5, 4, 3, 8, 8, 3, 10, 8, 6, 7, 6, 1, 10, 8, 7, 7, 5, 3, 8, 8, 8, 8, 8, 3, 7, 7, 0, 10, 8, 7, 8, 8, 6, 9, 8, 4, 9, 8, 7, 9, 9, 7, 9, 8, 8, 8, 7, 6, 10, 7, 6, 8, 8, 8, 9, 8, 8, 8, 8, 7, 9, 9, 6]"
Tom Hall,University of Warwick Archery Club,"[9, 8, 6, 4, 3, 2, 10, 9, 6, 5, 4, 2, 8, 7, 7, 7, 7, 5, 10, 8, 6, 6, 5, 5, 10, 8, 7, 4, 4, 3, 8, 7, 6, 6, 5, 5, 8, 7, 6, 6, 4, 3, 10, 8, 7, 7, 7, 7, 10, 9, 9, 8, 7, 7, 9, 8, 8, 7, 6, 4, 10, 9, 8, 8, 6, 5, 10, 8, 8, 7, 7, 5, 7, 7, 5, 10, 9, 9, 10, 9, 3, 10, 9, 7, 10, 9, 9, 8, 7, 5, 8, 7, 6, 9, 9, 8, 8, 8, 7, 8, 8, 7, 9, 9, 8, 9, 8, 7, 9, 8, 6, 10, 9, 9, 8, 8, 7, 10, 9, 8, 9, 9, 7, 9, 9, 8, 10, 10, 9, 10, 9, 9, 10, 10, 8, 10, 9, 9, 9, 8, 7, 8, 8, 7]"
Richard Haydock,Nottingham University Archery Club,"[8, 8, 7, 5, 5, 5, 6, 6, 5, 5, 3, 0, 10, 7, 6, 6, 2, 0, 6, 6, 5, 5, 4, 4, 9, 8, 6, 4, 3, 0, 8, 8, 8, 8, 3, 1, 10, 9, 3, 2, 1, 1, 10, 9, 9, 9, 7, 5, 8, 8, 8, 7, 7, 7, 8, 7, 7, 5, 2, 2, 10, 10, 8, 7, 6, 3, 10, 9, 9, 8, 8, 4, 9, 8, 6, 9, 8, 0, 9, 8, 5, 8, 7, 6, 7, 5, 5, 9, 6, 5, 6, 6, 5, 9, 9, 7, 10, 8, 7, 9, 8, 5, 9, 9, 7, 9, 9, 7, 9, 9, 5, 10, 9, 9, 10, 9, 9, 8, 7, 2, 10, 8, 8, 9, 9, 9, 9, 7, 6, 10, 9, 9, 9, 8, 8, 9, 9, 1, 10, 9, 8, 9, 9, 7]"
David Barnes,University of London Archery Club,"[7, 7, 6, 6, 1, 0, 9, 8, 7, 6, 2, 0, 10, 9, 6, 6, 5, 3, 9, 9, 6, 5, 5, 0, 8, 6, 5, 4, 4, 4, 9, 9, 6, 5, 4, 1, 8, 7, 7, 6, 5, 1, 9, 6, 6, 6, 6, 6, 10, 9, 8, 7, 5, 3, 8, 8, 8, 8, 6, 4, 9, 8, 7, 7, 6, 3, 10, 9, 7, 5, 4, 2, 8, 7, 6, 10, 9, 5, 8, 8, 4, 8, 7, 7, 8, 6, 6, 7, 6, 3, 6, 5, 5, 9, 8, 4, 9, 9, 7, 8, 7, 6, 9, 7, 7, 8, 8, 4, 10, 7, 6, 8, 7, 6, 10, 9, 8, 10, 9, 7, 8, 8, 7, 7, 7, 6, 10, 8, 8, 10, 9, 8, 9, 9, 9, 7, 6, 5, 8, 8, 5, 9, 9, 5]"
Alex Henman,University of Warwick Archery Club,"[5, 4, 4, 4, 4, 0, 8, 5, 3, 1, 0, 0, 9, 7, 6, 3, 0, 0, 8, 4, 3, 2, 2, 0, 6, 5, 4, 4, 1, 1, 8, 8, 7, 7, 6, 3, 9, 8, 8, 6, 4, 3, 9, 8, 7, 7, 3, 2, 9, 8, 7, 7, 7, 5, 9, 5, 5, 4, 4, 0, 9, 8, 8, 5, 5, 2, 8, 7, 6, 5, 5, 4, 7, 6, 3, 10, 6, 5, 6, 3, 0, 7, 6, 1, 7, 5, 1, 4, 3, 2, 8, 4, 0, 7, 6, 5, 7, 2, 1, 10, 5, 3, 7, 5, 4, 6, 6, 5, 9, 8, 7, 7, 7, 6, 10, 9, 6, 9, 9, 8, 9, 8, 8, 8, 6, 5, 10, 8, 8, 9, 7, 5, 10, 8, 6, 10, 7, 6, 9, 8, 6, 6, 6, 6]"
Oliver Vavasour,University of Warwick Archery Club,"[7, 5, 5, 4, 4, 1, 8, 7, 6, 5, 5, 3, 8, 8, 7, 6, 4, 2, 9, 8, 6, 6, 3, 3, 10, 9, 7, 6, 3, 3, 8, 7, 6, 5, 2, 2, 8, 7, 7, 6, 2, 2, 9, 9, 8, 6, 5, 3, 7, 6, 4, 2, 1, 1, 10, 8, 8, 7, 6, 6, 10, 9, 8, 6, 6, 4, 8, 7, 6, 6, 4, 4, 4, 3, 2, 5, 1, 1, 10, 6, 4, 10, 8, 7, 10, 9, 6, 7, 7, 5, 8, 6, 3, 8, 7, 4, 10, 8, 7, 6, 5, 0, 7, 5, 4, 7, 6, 4, 0, 0, 0, 10, 9, 6, 10, 9, 9, 9, 7, 7, 10, 8, 6, 10, 9, 8, 9, 9, 8, 9, 9, 9, 10, 9, 7, 10, 9, 9, 10, 9, 8, 10, 9, 8]"
Stephen Fawcett,Southampton University Archery Club,"[8, 6, 6, 5, 5, 2, 9, 8, 7, 6, 6, 4, 9, 8, 7, 5, 5, 0, 9, 8, 7, 6, 5, 0, 6, 5, 5, 4, 4, 3, 9, 7, 3, 3, 2, 1, 10, 9, 7, 7, 7, 6, 9, 8, 8, 8, 5, 5, 10, 6, 4, 4, 4, 3, 9, 7, 6, 6, 4, 3, 8, 8, 7, 4, 4, 4, 9, 9, 8, 6, 5, 0, 6, 5, 5, 8, 8, 4, 7, 6, 1, 8, 7, 7, 7, 7, 5, 8, 3, 1, 7, 7, 7, 9, 6, 2, 7, 4, 1, 10, 8, 4, 10, 10, 4, 8, 5, 4, 10, 8, 6, 10, 8, 1, 10, 9, 8, 9, 9, 8, 10, 8, 7, 9, 8, 7, 10, 9, 9, 9, 9, 9, 9, 9, 9, 9, 8, 8, 9, 9, 8, 8, 7, 7]"
Phil Middleton,Nottingham University Archery Club,"[10, 9, 8, 7, 7, 4, 9, 7, 6, 6, 6, 5, 9, 8, 7, 7, 7, 3, 9, 8, 7, 7, 7, 5, 9, 8, 7, 5, 3, 2, 9, 8, 6, 5, 4, 2, 9, 9, 8, 8, 8, 5, 10, 9, 8, 8, 7, 5, 10, 9, 8, 8, 8, 6, 10, 9, 8, 8, 7, 7, 10, 9, 9, 9, 8, 6, 9, 9, 9, 6, 6, 4, 10, 9, 8, 9, 8, 4, 9, 8, 8, 10, 9, 2, 9, 9, 8, 9, 7, 5, 8, 5, 5, 9, 8, 7, 8, 7, 6, 8, 7, 7, 10, 9, 8, 8, 8, 6, 10, 10, 7, 8, 8, 8, 9, 9, 7, 9, 9, 8, 10, 8, 8, 10, 8, 8, 9, 9, 7, 9, 9, 7, 9, 9, 8, 9, 9, 8, 9, 8, 8, 8, 7, 7]"
Romain Sautier,Nottingham University Archery Club,"[9, 8, 8, 6, 6, 4, 8, 6, 5, 3, 2, 2, 6, 5, 4, 4, 0, 0, 9, 7, 5, 3, 1, 0, 7, 6, 6, 5, 4, 0, 8, 6, 5, 2, 0, 0, 9, 9, 8, 6, 5, 3, 8, 8, 8, 6, 5, 5, 8, 6, 6, 5, 4, 4, 10, 9, 8, 8, 7, 3, 9, 9, 8, 8, 8, 4, 10, 8, 8, 8, 8, 5, 8, 5, 5, 7, 5, 4, 9, 8, 7, 8, 8, 4, 8, 6, 1, 10, 8, 5, 10, 9, 8, 9, 7, 7, 9, 9, 8, 7, 4, 0, 9, 9, 3, 8, 7, 5, 10, 9, 8, 10, 10, 9, 10, 8, 8, 8, 8, 8, 9, 9, 8, 10, 10, 9, 9, 8, 1, 9, 8, 8, 10, 10, 10, 8, 7, 7, 9, 8, 7, 10, 9, 8]"
Simon King,Southampton University Archery Club,"[9, 7, 6, 6, 5, 3, 9, 7, 6, 5, 4, 1, 8, 8, 7, 7, 7, 5, 8, 7, 7, 4, 2, 0, 9, 7, 6, 6, 2, 0, 10, 9, 8, 6, 6, 5, 10, 10, 9, 8, 6, 6, 10, 10, 9, 9, 6, 4, 9, 7, 7, 7, 6, 5, 10, 10, 7, 6, 5, 2, 10, 8, 8, 7, 4, 3, 9, 8, 8, 7, 6, 5, 7, 5, 5, 8, 7, 6, 9, 8, 7, 9, 8, 7, 7, 6, 6, 9, 8, 7, 7, 5, 1, 7, 7, 2, 9, 7, 7, 10, 8, 3, 8, 5, 2, 10, 7, 6, 10, 10, 9, 8, 7, 7, 8, 7, 7, 10, 9, 8, 9, 7, 6, 8, 8, 6, 8, 5, 3, 9, 7, 7, 9, 7, 6, 8, 8, 7, 9, 8, 8, 10, 10, 8]"
Jorge Lindley,University of Warwick Archery Club,"[8, 8, 8, 6, 4, 1, 8, 6, 5, 4, 3, 2, 10, 10, 9, 8, 7, 0, 9, 9, 7, 6, 5, 5, 8, 7, 7, 6, 5, 3, 10, 8, 8, 7, 7, 4, 9, 9, 9, 9, 8, 4, 10, 9, 8, 7, 6, 5, 10, 9, 8, 8, 7, 6, 10, 9, 9, 9, 8, 7, 9, 8, 8, 8, 7, 7, 9, 8, 7, 7, 6, 4, 9, 7, 6, 9, 8, 4, 9, 9, 5, 10, 8, 7, 8, 8, 5, 10, 7, 6, 10, 9, 8, 9, 8, 7, 9, 7, 7, 9, 7, 7, 10, 9, 6, 9, 7, 5, 10, 9, 9, 9, 9, 8, 9, 9, 9, 10, 9, 8, 8, 8, 7, 10, 9, 8, 10, 9, 8, 10, 9, 9, 10, 8, 8, 9, 9, 7, 9, 9, 8, 10, 9, 8]"
Chris Skipper,Southampton University Archery Club,"[9, 8, 8, 6, 4, 3, 9, 5, 5, 5, 4, 2, 10, 7, 6, 3, 3, 0, 8, 6, 5, 2, 2, 1, 6, 4, 3, 2, 0, 0, 9, 8, 5, 3, 2, 0, 10, 9, 7, 2, 2, 0, 8, 8, 8, 6, 5, 0, 10, 8, 7, 7, 6, 3, 9, 7, 6, 6, 5, 4, 8, 8, 8, 7, 7, 6, 9, 9, 8, 7, 6, 4, 10, 9, 8, 8, 5, 4, 10, 9, 6, 9, 6, 0, 9, 9, 5, 1, 0, 0, 9, 6, 4, 9, 4, 2, 8, 7, 3, 8, 7, 5, 10, 7, 5, 8, 7, 5, 10, 8, 8, 10, 10, 6, 8, 8, 7, 9, 7, 6, 10, 10, 3, 9, 9, 8, 10, 9, 5, 10, 7, 7, 9, 8, 6, 8, 8, 8, 10, 8, 8, 9, 9, 8]"
Connor Gallagher,University of Warwick Archery Club,"[9, 8, 7, 5, 1, 1, 10, 9, 8, 5, 2, 0, 8, 8, 6, 5, 5, 5, 9, 8, 7, 7, 1, 0, 10, 5, 5, 4, 2, 0, 9, 8, 8, 2, 1, 1, 9, 8, 7, 7, 6, 4, 10, 9, 8, 7, 6, 6, 10, 9, 7, 6, 6, 5, 10, 10, 9, 9, 5, 3, 9, 8, 7, 5, 5, 3, 10, 9, 6, 5, 4, 0, 8, 6, 6, 9, 6, 4, 10, 10, 5, 7, 7, 6, 10, 9, 8, 8, 7, 6, 9, 5, 2, 9, 8, 7, 9, 9, 8, 9, 9, 8, 9, 8, 6, 8, 8, 7, 9, 9, 7, 10, 9, 6, 9, 9, 9, 10, 9, 7, 9, 9, 5, 10, 9, 9, 9, 9, 8, 10, 10, 9, 9, 8, 7, 10, 8, 6, 7, 7, 6, 8, 8, 6]"
Chris Fry,Nottingham University Archery Club,"[10, 7, 7, 6, 6, 4, 9, 8, 7, 5, 5, 4, 8, 7, 7, 7, 6, 6, 9, 8, 8, 7, 7, 5, 8, 8, 7, 5, 5, 4, 9, 9, 9, 7, 7, 5, 10, 8, 8, 7, 7, 6, 9, 9, 8, 7, 7, 3, 10, 10, 9, 8, 8, 8, 9, 9, 8, 8, 7, 7, 10, 9, 9, 9, 7, 6, 10, 10, 9, 9, 9, 6, 9, 7, 4, 9, 9, 7, 10, 9, 6, 10, 9, 7, 10, 10, 6, 10, 9, 4, 9, 7, 6, 9, 7, 5, 10, 9, 8, 9, 7, 5, 9, 9, 8, 10, 8, 8, 10, 10, 7, 10, 10, 8, 10, 10, 9, 10, 10, 9, 9, 8, 8, 10, 10, 9, 10, 10, 8, 10, 9, 9, 10, 9, 9, 10, 9, 8, 10, 10, 8, 9, 9, 8]"
Stuart Archer,Sheffield University Archery Club,"[9, 7, 6, 4, 4, 0, 9, 9, 9, 8, 6, 5, 10, 6, 5, 5, 4, 4, 10, 8, 7, 6, 3, 1, 9, 8, 8, 6, 6, 6, 9, 8, 6, 6, 5, 5, 8, 7, 4, 1, 1, 1, 9, 9, 9, 7, 4, 3, 10, 8, 8, 8, 4, 0, 9, 8, 7, 6, 5, 2, 7, 7, 7, 6, 5, 4, 9, 9, 8, 8, 6, 5, 9, 5, 1, 8, 6, 1, 9, 7, 5, 6, 6, 6, 8, 7, 7, 8, 8, 4, 9, 6, 0, 3, 2, 0, 10, 5, 0, 5, 0, 0, 7, 6, 5, 7, 4, 0, 9, 8, 7, 9, 9, 9, 6, 0, 0, 0, 0, 0, 0, 0, 0, 0, 0, 0, 0, 0, 0, 0, 8, 8, 0, 0, 0, 0, 0, 0, 0, 0, 0, 0, 0, 0]"
Matt Leivers,Southampton University Archery Club,"[7, 5, 4, 2, 2, 0, 9, 7, 7, 4, 3, 0, 5, 4, 3, 3, 2, 1, 5, 4, 2, 2, 1, 0, 8, 8, 3, 3, 2, 1, 7, 7, 5, 3, 0, 0, 9, 8, 7, 6, 6, 1, 8, 7, 7, 7, 7, 2, 9, 8, 8, 6, 5, 5, 8, 6, 5, 5, 4, 2, 8, 7, 7, 5, 5, 4, 9, 9, 8, 5, 5, 1, 4, 0, 0, 8, 5, 4, 9, 7, 0, 0, 0, 0, 7, 7, 2, 8, 7, 3, 7, 7, 6, 10, 8, 7, 10, 9, 7, 6, 5, 4, 7, 4, 0, 9, 8, 5, 9, 6, 6, 8, 8, 7, 9, 9, 7, 10, 9, 6, 8, 8, 7, 9, 8, 7, 10, 8, 7, 10, 9, 6, 9, 6, 3, 9, 9, 7, 9, 8, 8, 9, 9, 8]"
Christopher Guerin,University of Warwick Archery Club,"[8, 8, 7, 5, 5, 2, 5, 4, 3, 3, 0, 0, 9, 7, 5, 4, 3, 0, 8, 4, 4, 3, 3, 0, 6, 5, 5, 4, 4, 0, 9, 4, 3, 2, 1, 1, 8, 7, 4, 4, 2, 1, 7, 6, 6, 6, 5, 3, 10, 8, 7, 7, 4, 3, 10, 8, 7, 6, 6, 6, 9, 9, 9, 7, 6, 4, 10, 10, 10, 8, 8, 4, 9, 8, 6, 8, 7, 5, 7, 6, 4, 9, 7, 6, 8, 7, 5, 7, 6, 5, 10, 7, 6, 9, 6, 2, 9, 6, 5, 7, 6, 5, 10, 10, 10, 9, 6, 4, 8, 7, 6, 9, 8, 8, 10, 9, 7, 8, 8, 0, 9, 9, 8, 10, 9, 6, 9, 9, 4, 10, 9, 7, 9, 8, 5, 9, 8, 7, 8, 8, 6, 9, 9, 7]"
Matthew Sharpe,Surrey University Archers,"[8, 7, 5, 3, 2, 0, 8, 7, 7, 7, 7, 3, 10, 10, 6, 4, 4, 4, 9, 9, 8, 6, 5, 0, 10, 8, 8, 7, 4, 3, 7, 7, 5, 5, 4, 2, 10, 10, 10, 9, 9, 7, 9, 7, 7, 6, 6, 3, 10, 9, 9, 8, 6, 6, 9, 6, 5, 5, 5, 4, 7, 7, 6, 6, 5, 4, 9, 8, 8, 8, 8, 5, 7, 5, 1, 9, 5, 3, 7, 7, 6, 9, 9, 6, 8, 8, 6, 10, 7, 3, 9, 9, 8, 10, 7, 5, 7, 5, 1, 8, 7, 6, 10, 7, 7, 10, 6, 4, 7, 6, 4, 10, 7, 6, 10, 9, 9, 8, 7, 7, 9, 9, 8, 8, 7, 7, 8, 8, 6, 9, 8, 6, 9, 8, 6, 8, 8, 7, 9, 8, 8, 10, 9, 7]"
Oli Davis,Surrey University Archers,"[7, 7, 4, 2, 0, 0, 8, 7, 4, 1, 0, 0, 5, 4, 3, 2, 0, 0, 3, 2, 0, 0, 0, 0, 8, 5, 4, 4, 0, 0, 6, 5, 0, 0, 0, 0, 0, 0, 0, 0, 0, 0, 9, 7, 5, 4, 2, 0, 10, 8, 6, 5, 3, 1, 9, 8, 6, 3, 0, 0, 9, 5, 3, 1, 0, 0, 10, 9, 8, 5, 5, 4, 4, 0, 0, 1, 0, 0, 7, 0, 0, 10, 6, 2, 7, 5, 4, 6, 5, 5, 6, 3, 2, 3, 1, 0, 9, 7, 7, 8, 7, 0, 8, 6, 5, 8, 5, 1, 6, 5, 0, 6, 4, 2, 9, 8, 5, 5, 5, 0, 7, 4, 4, 8, 6, 6, 7, 4, 3, 9, 7, 3, 9, 8, 5, 8, 8, 6, 8, 7, 6, 6, 6, 5]"
Alan Dawson,University of Warwick Archery Club,"[0, 0, 0, 0, 0, 0, 0, 0, 0, 0, 0, 0, 0, 0, 0, 0, 0, 0, 0, 0, 0, 0, 0, 0, 0, 0, 0, 0, 0, 0, 0, 0, 0, 0, 0, 0, 0, 0, 0, 0, 0, 0, 0, 0, 0, 0, 0, 0, 0, 0, 0, 0, 0, 0, 0, 0, 0, 0, 0, 0, 0, 0, 0, 0, 0, 0, 0, 0, 0, 0, 0, 0, 0, 0, 0, 0, 0, 0, 0, 0, 0, 0, 0, 0, 0, 0, 0, 0, 0, 0, 0, 0, 0, 0, 0, 0, 0, 0, 0, 0, 0, 0, 0, 0, 0, 0, 0, 0, 0, 0, 0, 0, 0, 0, 0, 0, 0, 0, 0, 0, 0, 0, 0, 0, 0, 0, 0, 0, 0, 0, 0, 0, 0, 0, 0, 0, 0, 0, 0, 0, 0, 0, 0, 0]"
Rory Campbell,Sheffield University Archery Club,"[9, 8, 7, 7, 6, 1, 8, 7, 6, 6, 5, 4, 10, 9, 7, 6, 5, 5, 10, 8, 8, 7, 7, 4, 10, 8, 8, 8, 6, 3, 9, 9, 8, 7, 6, 6, 7, 7, 7, 6, 6, 6, 9, 8, 7, 7, 6, 6, 10, 10, 9, 8, 8, 5, 9, 8, 8, 7, 6, 5, 8, 8, 7, 7, 6, 4, 9, 9, 7, 7, 6, 5, 8, 6, 5, 9, 7, 5, 9, 8, 6, 8, 8, 6, 8, 6, 5, 10, 6, 6, 9, 7, 6, 7, 6, 2, 8, 5, 4, 10, 9, 6, 7, 7, 0, 10, 6, 5, 10, 7, 7, 9, 9, 6, 9, 9, 7, 9, 9, 8, 9, 8, 5, 9, 8, 6, 10, 8, 6, 10, 9, 9, 9, 9, 8, 9, 9, 9, 9, 9, 5, 9, 8, 6]"
John Bowes,Southampton University Archery Club,"[8, 7, 4, 3, 2, 1, 9, 7, 6, 1, 0, 0, 9, 5, 5, 3, 2, 0, 7, 7, 5, 2, 2, 0, 10, 10, 7, 6, 5, 2, 8, 8, 5, 3, 2, 0, 5, 5, 3, 3, 0, 0, 7, 7, 6, 6, 5, 4, 10, 8, 8, 7, 6, 3, 9, 8, 8, 6, 4, 3, 9, 8, 7, 6, 5, 2, 9, 8, 7, 6, 5, 4, 8, 5, 0, 7, 5, 2, 7, 6, 5, 10, 2, 1, 9, 7, 7, 9, 8, 8, 5, 4, 3, 7, 3, 2, 9, 7, 4, 8, 7, 1, 7, 5, 2, 6, 5, 0, 9, 9, 7, 9, 8, 5, 9, 7, 7, 10, 6, 6, 9, 8, 7, 9, 9, 8, 10, 9, 8, 10, 7, 5, 9, 8, 8, 7, 7, 7, 10, 8, 8, 9, 7, 6]"
Joe Blatch,Sheffield University Archery Club,"[7, 4, 4, 1, 0, 0, 8, 7, 6, 6, 1, 0, 9, 5, 3, 2, 0, 0, 8, 6, 5, 2, 0, 0, 8, 6, 4, 4, 0, 0, 7, 7, 7, 5, 2, 0, 7, 6, 5, 0, 0, 0, 6, 5, 5, 1, 1, 1, 8, 6, 5, 4, 0, 0, 6, 6, 5, 2, 1, 0, 8, 6, 5, 3, 3, 0, 9, 9, 8, 7, 7, 2, 3, 0, 0, 9, 5, 4, 8, 8, 8, 6, 2, 2, 7, 1, 1, 10, 8, 3, 10, 7, 5, 4, 2, 1, 10, 6, 4, 5, 4, 3, 10, 3, 0, 8, 1, 0, 6, 0, 0, 9, 9, 7, 9, 8, 5, 8, 8, 2, 7, 6, 3, 8, 6, 6, 9, 8, 7, 9, 9, 8, 9, 7, 7, 7, 7, 5, 10, 9, 3, 6, 6, 2]"
George Teh,York University Archery Club,"[7, 7, 7, 7, 6, 3, 6, 5, 5, 3, 3, 1, 8, 4, 4, 3, 3, 0, 9, 7, 6, 4, 4, 3, 8, 3, 1, 0, 0, 0, 6, 6, 2, 1, 0, 0, 8, 7, 6, 5, 0, 0, 9, 8, 7, 7, 5, 3, 10, 9, 9, 8, 8, 6, 9, 9, 8, 7, 6, 5, 8, 7, 6, 5, 4, 3, 10, 9, 9, 8, 7, 2, 8, 6, 6, 9, 9, 4, 6, 6, 5, 7, 7, 6, 9, 7, 5, 7, 6, 3, 8, 7, 7, 7, 7, 5, 8, 6, 5, 8, 8, 4, 8, 7, 6, 10, 4, 4, 5, 4, 4, 10, 10, 10, 10, 8, 8, 9, 8, 7, 9, 7, 4, 10, 8, 7, 8, 5, 4, 9, 8, 5, 10, 9, 7, 10, 8, 7, 10, 8, 7, 9, 7, 5]"
Sidong Ma,Surrey University Archers,"[10, 9, 9, 8, 2, 0, 6, 1, 0, 0, 0, 0, 10, 9, 7, 7, 5, 0, 9, 5, 5, 3, 2, 0, 7, 5, 4, 3, 0, 0, 7, 5, 4, 2, 1, 0, 8, 7, 5, 4, 4, 2, 8, 7, 4, 1, 1, 0, 9, 5, 5, 2, 1, 0, 8, 8, 4, 4, 2, 0, 8, 7, 7, 7, 2, 0, 6, 6, 6, 5, 1, 0, 7, 4, 1, 10, 9, 5, 9, 6, 2, 8, 8, 7, 9, 7, 2, 5, 0, 0, 9, 6, 6, 9, 4, 4, 5, 3, 0, 9, 8, 0, 6, 4, 3, 4, 4, 0, 10, 9, 4, 9, 6, 6, 8, 6, 6, 8, 7, 7, 9, 9, 7, 10, 9, 6, 10, 8, 7, 9, 8, 7, 9, 8, 7, 6, 5, 3, 9, 5, 3, 10, 7, 1]"
Robert Cieslicki,Surrey University Archers,"[9, 8, 6, 4, 3, 0, 7, 6, 5, 3, 1, 0, 7, 6, 3, 3, 1, 0, 10, 9, 7, 6, 3, 0, 9, 7, 6, 6, 5, 4, 9, 9, 8, 7, 5, 5, 0, 0, 0, 0, 0, 0, 10, 9, 8, 7, 5, 0, 9, 8, 8, 7, 6, 4, 9, 6, 5, 5, 4, 3, 9, 8, 7, 5, 3, 0, 10, 8, 7, 6, 5, 4, 4, 0, 0, 7, 4, 3, 8, 7, 6, 10, 9, 6, 10, 6, 6, 10, 8, 8, 5, 5, 1, 7, 7, 5, 7, 7, 2, 9, 3, 0, 5, 3, 2, 9, 6, 5, 9, 7, 1, 9, 6, 6, 9, 7, 7, 9, 5, 4, 8, 8, 6, 8, 8, 7, 8, 8, 6, 9, 6, 5, 9, 9, 7, 9, 9, 8, 9, 8, 5, 10, 8, 7]"
Ashe Morgan,University of Birmingham Archery Club,"[0, 0, 0, 0, 0, 0, 0, 0, 0, 0, 0, 0, 0, 0, 0, 0, 0, 0, 0, 0, 0, 0, 0, 0, 0, 0, 0, 0, 0, 0, 0, 0, 0, 0, 0, 0, 0, 0, 0, 0, 0, 0, 0, 0, 0, 0, 0, 0, 0, 0, 0, 0, 0, 0, 0, 0, 0, 0, 0, 0, 0, 0, 0, 0, 0, 0, 0, 0, 0, 0, 0, 0, 0, 0, 0, 0, 0, 0, 0, 0, 0, 0, 0, 0, 0, 0, 0, 0, 0, 0, 0, 0, 0, 0, 0, 0, 0, 0, 0, 0, 0, 0, 0, 0, 0, 0, 0, 0, 0, 0, 0, 0, 0, 0, 0, 0, 0, 0, 0, 0, 0, 0, 0, 0, 0, 0, 0, 0, 0, 0, 0, 0, 0, 0, 0, 0, 0, 0, 0, 0, 0, 0, 0, 0]"
Liam McDonnell,Southampton University Archery Club,"[3, 0, 0, 0, 0, 0, 0, 0, 0, 0, 0, 0, 0, 0, 0, 0, 0, 0, 7, 4, 3, 0, 0, 0, 7, 3, 3, 0, 0, 0, 8, 2, 0, 0, 0, 0, 6, 2, 2, 0, 0, 0, 7, 4, 3, 0, 0, 0, 5, 4, 2, 0, 0, 0, 7, 4, 2, 2, 2, 1, 8, 8, 6, 5, 4, 1, 2, 1, 1, 0, 0, 0, 7, 6, 2, 0, 0, 0, 5, 1, 0, 8, 3, 3, 6, 1, 0, 4, 4, 0, 8, 4, 0, 7, 4, 3, 4, 3, 1, 8, 6, 0, 7, 5, 1, 8, 7, 5, 6, 5, 1, 6, 2, 0, 7, 6, 6, 5, 1, 0, 7, 6, 3, 7, 5, 3, 9, 8, 6, 8, 6, 4, 7, 7, 5, 7, 7, 5, 10, 8, 0, 7, 6, 3]"
James Donovan,Surrey University Archers,"[8, 4, 3, 3, 1, 0, 7, 4, 3, 1, 0, 0, 7, 4, 1, 1, 0, 0, 9, 7, 5, 4, 0, 0, 6, 6, 4, 1, 0, 0, 6, 5, 1, 0, 0, 0, 8, 7, 2, 0, 0, 0, 9, 6, 6, 6, 5, 3, 8, 7, 7, 6, 4, 3, 5, 5, 3, 2, 2, 1, 7, 6, 6, 5, 0, 0, 10, 8, 6, 6, 5, 4, 6, 4, 0, 8, 5, 0, 4, 1, 0, 5, 5, 1, 8, 3, 0, 9, 5, 5, 4, 3, 3, 6, 5, 4, 6, 5, 1, 7, 6, 0, 6, 5, 0, 4, 3, 1, 7, 4, 1, 7, 7, 0, 9, 9, 6, 9, 8, 7, 10, 7, 6, 9, 6, 3, 6, 5, 4, 8, 5, 5, 8, 8, 7, 8, 8, 6, 6, 4, 0, 8, 7, 6]"
Jacob Bellamy,University of Warwick Archery Club,"[0, 0, 0, 0, 0, 0, 0, 0, 0, 0, 0, 0, 0, 0, 0, 0, 0, 0, 0, 0, 0, 0, 0, 0, 0, 0, 0, 0, 0, 0, 0, 0, 0, 0, 0, 0, 0, 0, 0, 0, 0, 0, 0, 0, 0, 0, 0, 0, 0, 0, 0, 0, 0, 0, 0, 0, 0, 0, 0, 0, 0, 0, 0, 0, 0, 0, 0, 0, 0, 0, 0, 0, 0, 0, 0, 0, 0, 0, 0, 0, 0, 0, 0, 0, 0, 0, 0, 0, 0, 0, 0, 0, 0, 0, 0, 0, 0, 0, 0, 0, 0, 0, 0, 0, 0, 0, 0, 0, 0, 0, 0, 0, 0, 0, 0, 0, 0, 0, 0, 0, 0, 0, 0, 0, 0, 0, 0, 0, 0, 0, 0, 0, 0, 0, 0, 0, 0, 0, 0, 0, 0, 0, 0, 0]"
Fraser Keir,Edinburgh University Archery Club,"[9, 7, 6, 4, 4, 4, 8, 6, 5, 5, 4, 1, 9, 9, 8, 8, 7, 5, 8, 7, 6, 3, 3, 0, 9, 7, 4, 0, 0, 0, 8, 6, 5, 2, 0, 0, 9, 9, 8, 7, 6, 4, 9, 8, 7, 6, 6, 5, 9, 7, 6, 6, 5, 1, 10, 10, 8, 8, 7, 6, 8, 8, 8, 7, 7, 6, 9, 9, 7, 7, 6, 3, 7, 7, 4, 9, 9, 7, 7, 6, 4, 9, 8, 6, 6, 5, 4, 8, 7, 2, 9, 6, 0, 8, 7, 3, 9, 8, 3, 8, 8, 4, 8, 4, 4, 8, 7, 3, 9, 8, 8, 9, 9, 2, 9, 8, 7, 10, 10, 8, 9, 8, 7, 9, 8, 0, 10, 9, 8, 10, 9, 5, 10, 8, 0, 10, 9, 6, 10, 8, 8, 9, 8, 8]"
Manuel Goncalves Gil,University of Warwick Archery Club,"[7, 7, 7, 6, 5, 5, 8, 8, 7, 4, 4, 1, 7, 6, 6, 4, 2, 0, 10, 9, 5, 4, 4, 2, 9, 5, 3, 1, 1, 0, 7, 7, 7, 6, 5, 3, 9, 6, 6, 4, 3, 1, 9, 8, 7, 5, 4, 3, 8, 7, 7, 5, 5, 3, 9, 8, 8, 7, 7, 5, 8, 7, 7, 6, 6, 6, 10, 10, 9, 9, 7, 6, 9, 8, 6, 10, 9, 5, 7, 6, 3, 9, 6, 6, 9, 9, 7, 8, 7, 3, 9, 9, 8, 9, 5, 5, 8, 7, 4, 9, 9, 5, 10, 9, 8, 10, 9, 7, 9, 8, 8, 10, 8, 7, 9, 8, 8, 10, 8, 8, 9, 8, 7, 9, 8, 6, 10, 9, 8, 9, 8, 7, 10, 10, 9, 10, 10, 9, 10, 9, 9, 9, 9, 6]"
Chris Sebastian,Liverpool University Archery Club,"[7, 6, 5, 5, 5, 2, 8, 7, 5, 5, 4, 0, 8, 7, 6, 5, 4, 4, 8, 7, 6, 5, 4, 4, 4, 3, 2, 2, 1, 0, 8, 7, 6, 4, 4, 3, 9, 8, 6, 5, 2, 2, 8, 8, 7, 7, 5, 2, 7, 7, 4, 3, 3, 0, 8, 7, 7, 6, 4, 1, 9, 7, 6, 6, 6, 6, 9, 8, 7, 4, 4, 0, 6, 5, 4, 6, 1, 0, 9, 8, 5, 7, 7, 3, 8, 7, 3, 8, 7, 5, 8, 7, 7, 9, 6, 5, 7, 6, 4, 8, 5, 2, 8, 8, 5, 8, 7, 6, 8, 8, 8, 10, 10, 7, 8, 5, 2, 5, 5, 4, 9, 7, 3, 10, 7, 6, 9, 8, 5, 8, 7, 5, 7, 7, 6, 9, 9, 7, 9, 6, 5, 9, 8, 8]"
Kimberley Taylor,Loughborough Students Archery Club,"[0, 0, 0, 0, 0, 0, 0, 0, 0, 0, 0, 0, 9, 2, 1, 0, 0, 0, 0, 0, 0, 0, 0, 0, 4, 0, 0, 0, 0, 0, 3, 0, 0, 0, 0, 0, 5, 1, 0, 0, 0, 0, 1, 0, 0, 0, 0, 0, 8, 6, 5, 0, 0, 0, 7, 3, 0, 0, 0, 0, 7, 1, 1, 0, 0, 0, 8, 4, 0, 0, 0, 0, 0, 0, 0, 6, 0, 0, 0, 0, 0, 8, 3, 2, 7, 0, 0, 6, 0, 0, 0, 0, 0, 1, 0, 0, 0, 0, 0, 2, 0, 0, 0, 0, 0, 2, 0, 0, 5, 3, 0, 8, 4, 3, 6, 5, 0, 7, 5, 1, 5, 3, 3, 5, 2, 0, 5, 0, 0, 3, 0, 0, 4, 1, 0, 7, 5, 0, 4, 0, 0, 6, 0, 0]"
Kirstie Smith,Oxford University Company of Archers,"[9, 8, 8, 8, 7, 6, 9, 9, 9, 7, 7, 7, 9, 8, 8, 7, 4, 4, 9, 8, 8, 7, 7, 6, 10, 9, 8, 7, 7, 2, 10, 8, 8, 8, 7, 7, 10, 10, 9, 8, 8, 6, 10, 10, 10, 9, 9, 6, 9, 9, 9, 8, 8, 7, 10, 9, 8, 8, 8, 5, 9, 9, 9, 8, 8, 8, 9, 9, 9, 8, 8, 7, 10, 7, 7, 9, 9, 8, 10, 10, 8, 8, 7, 7, 7, 7, 1, 10, 8, 7, 8, 8, 5, 8, 6, 5, 9, 8, 5, 9, 7, 7, 9, 8, 8, 8, 8, 8, 10, 10, 10, 10, 10, 9, 9, 9, 7, 10, 9, 7, 10, 8, 7, 10, 10, 9, 10, 10, 9, 10, 9, 8, 9, 9, 8, 10, 9, 8, 10, 9, 9, 10, 8, 7]"
Victoria Moore,Swansea University Archery Club,"[9, 8, 7, 4, 0, 0, 8, 5, 5, 3, 3, 0, 6, 6, 6, 4, 0, 0, 8, 6, 3, 3, 1, 0, 6, 4, 3, 3, 0, 0, 10, 7, 4, 3, 2, 0, 9, 4, 0, 0, 0, 0, 8, 6, 4, 2, 1, 0, 7, 6, 5, 2, 1, 0, 4, 4, 3, 2, 1, 0, 6, 6, 5, 3, 2, 2, 6, 6, 4, 3, 3, 0, 2, 1, 0, 6, 3, 1, 8, 3, 0, 7, 6, 2, 4, 4, 0, 6, 6, 5, 7, 6, 3, 5, 5, 5, 6, 5, 5, 6, 3, 2, 9, 6, 4, 9, 8, 2, 8, 8, 5, 10, 9, 8, 9, 8, 7, 9, 7, 6, 10, 9, 7, 9, 9, 6, 9, 7, 7, 9, 7, 6, 10, 9, 6, 9, 9, 7, 8, 7, 6, 10, 9, 8]"
Angelina Measures,Oxford University Company of Archers,"[9, 7, 7, 6, 5, 5, 9, 8, 7, 7, 5, 4, 10, 8, 7, 6, 5, 4, 10, 9, 9, 6, 4, 0, 9, 8, 8, 6, 6, 5, 10, 7, 7, 6, 6, 5, 9, 9, 8, 7, 7, 6, 8, 8, 8, 7, 7, 5, 10, 9, 8, 7, 5, 4, 9, 8, 7, 7, 7, 6, 9, 9, 7, 7, 6, 4, 9, 8, 8, 8, 7, 5, 9, 7, 3, 9, 8, 7, 9, 8, 6, 7, 5, 5, 8, 6, 3, 9, 8, 8, 6, 6, 6, 8, 8, 6, 8, 7, 5, 9, 9, 9, 9, 8, 3, 8, 8, 7, 9, 8, 6, 9, 8, 7, 8, 8, 7, 10, 9, 8, 9, 8, 7, 10, 9, 7, 10, 9, 9, 9, 9, 8, 9, 9, 8, 10, 8, 6, 9, 8, 8, 10, 9, 8]"
Annie White,Oxford University Company of Archers,"[9, 5, 4, 4, 1, 0, 9, 8, 6, 3, 0, 0, 9, 6, 5, 2, 1, 0, 9, 6, 4, 2, 0, 0, 9, 7, 3, 1, 0, 0, 8, 3, 2, 2, 0, 0, 9, 6, 6, 5, 1, 0, 9, 7, 7, 5, 4, 3, 7, 6, 5, 4, 4, 2, 7, 4, 4, 4, 3, 0, 9, 8, 7, 7, 6, 5, 8, 7, 7, 5, 3, 0, 3, 1, 0, 9, 3, 2, 5, 4, 3, 8, 5, 2, 5, 2, 0, 6, 4, 3, 4, 3, 0, 6, 4, 1, 6, 5, 0, 4, 4, 2, 7, 5, 3, 6, 5, 3, 7, 4, 2, 8, 8, 7, 6, 6, 4, 8, 8, 8, 10, 8, 8, 8, 8, 7, 10, 9, 7, 9, 8, 6, 8, 7, 6, 8, 8, 4, 10, 5, 4, 9, 8, 4]"
Gwenan Evans,Swansea University Archery Club,"[7, 2, 0, 0, 0, 0, 10, 7, 6, 4, 0, 0, 2, 0, 0, 0, 0, 0, 0, 0, 0, 0, 0, 0, 8, 7, 5, 2, 0, 0, 8, 7, 5, 0, 0, 0, 7, 6, 5, 2, 0, 0, 7, 2, 0, 0, 0, 0, 4, 4, 3, 3, 3, 0, 8, 6, 3, 0, 0, 0, 8, 4, 2, 0, 0, 0, 7, 5, 5, 4, 0, 0, 0, 0, 0, 5, 0, 0, 4, 4, 0, 0, 0, 0, 5, 1, 0, 8, 4, 0, 1, 0, 0, 1, 0, 0, 8, 0, 0, 0, 0, 0, 8, 7, 1, 0, 0, 0, 6, 2, 0, 3, 3, 1, 8, 5, 0, 9, 5, 3, 9, 8, 5, 7, 7, 0, 8, 8, 4, 9, 7, 5, 7, 6, 3, 10, 7, 2, 8, 4, 0, 6, 0, 0]"
Anna Lawrence,Swansea University Archery Club,"[5, 2, 0, 0, 0, 0, 6, 6, 3, 2, 1, 0, 8, 8, 0, 0, 0, 0, 10, 9, 7, 6, 0, 0, 8, 6, 5, 3, 3, 0, 7, 1, 1, 0, 0, 0, 9, 8, 0, 0, 0, 0, 7, 7, 6, 5, 2, 0, 8, 5, 3, 1, 0, 0, 10, 8, 4, 4, 0, 0, 5, 5, 4, 2, 2, 0, 8, 7, 7, 4, 1, 0, 4, 0, 0, 1, 0, 0, 5, 5, 0, 5, 3, 1, 1, 0, 0, 6, 4, 3, 4, 0, 0, 5, 5, 4, 9, 6, 3, 9, 7, 2, 6, 6, 1, 9, 9, 5, 3, 2, 0, 9, 8, 6, 9, 8, 8, 8, 8, 3, 7, 7, 3, 7, 6, 3, 10, 7, 6, 9, 8, 6, 8, 8, 8, 8, 7, 6, 9, 9, 6, 10, 8, 6]"
Rebekah Tipping,University of Aberdeen Archery Club,"[10, 8, 8, 7, 7, 5, 9, 9, 9, 6, 6, 5, 9, 9, 7, 7, 6, 6, 9, 9, 8, 8, 8, 2, 10, 10, 9, 8, 8, 5, 9, 8, 8, 6, 5, 3, 9, 9, 8, 7, 7, 7, 9, 8, 8, 7, 6, 5, 10, 9, 8, 8, 7, 7, 9, 9, 9, 8, 6, 5, 9, 8, 8, 7, 7, 7, 8, 8, 8, 8, 6, 5, 9, 5, 2, 9, 8, 8, 10, 7, 6, 6, 6, 4, 9, 8, 7, 9, 8, 8, 9, 8, 5, 8, 5, 5, 9, 7, 6, 10, 8, 7, 8, 8, 5, 8, 7, 6, 9, 9, 7, 10, 9, 8, 10, 9, 8, 10, 9, 8, 10, 9, 9, 9, 9, 8, 10, 9, 9, 10, 10, 10, 10, 9, 9, 10, 10, 8, 9, 8, 8, 10, 10, 9]"
Emer Montgomery,University of Bath Archery Club,"[8, 7, 5, 5, 5, 3, 8, 6, 6, 6, 5, 5, 8, 7, 7, 6, 5, 5, 8, 7, 6, 6, 5, 4, 10, 10, 10, 7, 6, 3, 10, 8, 6, 6, 4, 4, 10, 7, 7, 2, 0, 0, 9, 7, 6, 6, 6, 6, 9, 8, 8, 6, 6, 5, 9, 9, 8, 7, 7, 3, 10, 8, 6, 6, 4, 0, 8, 8, 7, 5, 4, 4, 6, 5, 2, 8, 6, 3, 8, 4, 2, 7, 7, 3, 7, 5, 4, 7, 3, 3, 8, 6, 5, 7, 7, 5, 9, 7, 3, 5, 4, 1, 8, 2, 0, 7, 4, 4, 8, 6, 6, 9, 9, 8, 10, 9, 7, 7, 7, 4, 9, 8, 7, 10, 9, 9, 10, 8, 6, 8, 8, 7, 8, 8, 6, 8, 7, 4, 9, 9, 9, 10, 8, 8]"
Bethany Farrow,Nottingham Trent University Archery Club,"[8, 8, 8, 7, 7, 6, 10, 8, 8, 6, 5, 3, 6, 6, 5, 5, 2, 0, 9, 7, 6, 6, 3, 0, 7, 7, 6, 5, 4, 4, 8, 8, 5, 5, 5, 3, 9, 8, 8, 7, 7, 5, 9, 9, 7, 7, 7, 5, 10, 9, 9, 8, 8, 3, 7, 7, 7, 7, 5, 2, 10, 8, 8, 7, 7, 5, 9, 7, 7, 5, 5, 1, 9, 4, 2, 9, 7, 5, 7, 6, 0, 10, 9, 6, 8, 7, 6, 7, 7, 3, 9, 1, 0, 6, 6, 2, 7, 6, 3, 7, 7, 7, 6, 6, 3, 7, 5, 5, 6, 6, 6, 10, 7, 6, 10, 9, 8, 9, 9, 9, 9, 6, 5, 8, 7, 0, 9, 9, 6, 8, 8, 7, 9, 9, 8, 6, 6, 6, 8, 7, 7, 9, 8, 7]"
Stephanie Soper,University of Bath Archery Club,"[8, 4, 3, 0, 0, 0, 8, 6, 5, 4, 1, 0, 1, 0, 0, 0, 0, 0, 9, 5, 4, 3, 0, 0, 9, 5, 3, 0, 0, 0, 3, 1, 0, 0, 0, 0, 2, 1, 1, 0, 0, 0, 4, 1, 1, 0, 0, 0, 4, 4, 3, 2, 0, 0, 6, 4, 3, 0, 0, 0, 5, 2, 0, 0, 0, 0, 10, 6, 5, 4, 0, 0, 7, 6, 0, 5, 0, 0, 6, 4, 0, 10, 9, 0, 6, 0, 0, 7, 6, 0, 4, 3, 1, 6, 3, 0, 7, 0, 0, 0, 0, 0, 6, 5, 3, 9, 6, 0, 10, 2, 0, 8, 4, 0, 9, 2, 1, 8, 3, 0, 7, 2, 0, 8, 3, 0, 5, 5, 0, 4, 1, 0, 6, 4, 2, 6, 6, 3, 7, 7, 3, 7, 7, 5]"
Amy Curnock,Nottingham Trent University Archery Club,"[10, 10, 9, 8, 8, 7, 8, 7, 7, 7, 6, 6, 9, 9, 9, 9, 6, 4, 9, 9, 8, 7, 6, 6, 9, 8, 6, 6, 6, 5, 10, 7, 7, 7, 6, 4, 10, 10, 10, 9, 8, 7, 10, 8, 8, 8, 8, 5, 10, 9, 9, 8, 7, 7, 10, 9, 9, 8, 5, 0, 7, 7, 7, 7, 7, 5, 9, 8, 8, 8, 8, 6, 8, 7, 6, 8, 6, 6, 9, 8, 6, 10, 10, 7, 7, 6, 4, 9, 8, 7, 7, 5, 5, 10, 7, 7, 9, 7, 4, 9, 9, 8, 10, 10, 7, 9, 8, 7, 9, 9, 6, 10, 9, 7, 9, 9, 9, 10, 10, 8, 9, 7, 6, 10, 8, 8, 9, 8, 6, 10, 9, 9, 9, 8, 8, 10, 9, 8, 10, 9, 8, 9, 8, 8]"
Ellie Dyson,Nottingham Trent University Archery Club,"[8, 7, 7, 6, 6, 6, 9, 8, 8, 5, 5, 3, 9, 9, 9, 8, 6, 5, 10, 9, 7, 7, 4, 4, 9, 9, 7, 6, 5, 4, 8, 8, 7, 6, 5, 5, 8, 8, 8, 8, 7, 6, 10, 10, 9, 8, 6, 6, 10, 9, 9, 7, 7, 6, 8, 8, 7, 7, 6, 6, 9, 9, 8, 8, 7, 6, 10, 9, 9, 8, 8, 5, 10, 9, 8, 7, 7, 6, 8, 7, 6, 7, 6, 4, 8, 7, 2, 10, 3, 2, 8, 2, 0, 8, 6, 4, 7, 7, 5, 9, 9, 3, 8, 7, 7, 10, 8, 3, 9, 8, 8, 9, 7, 7, 10, 9, 7, 10, 9, 8, 9, 9, 8, 9, 7, 7, 9, 9, 7, 10, 8, 8, 10, 9, 9, 10, 10, 9, 9, 9, 8, 9, 9, 7]"
Rachel Foster,Nottingham Trent University Archery Club,"[4, 3, 1, 0, 0, 0, 10, 8, 7, 6, 3, 2, 9, 6, 6, 3, 2, 1, 7, 7, 5, 4, 1, 0, 7, 4, 3, 0, 0, 0, 8, 7, 3, 3, 1, 0, 7, 3, 2, 2, 0, 0, 8, 7, 5, 2, 0, 0, 7, 0, 0, 0, 0, 0, 10, 8, 7, 2, 1, 0, 7, 5, 2, 2, 0, 0, 9, 7, 4, 4, 4, 1, 7, 5, 4, 1, 1, 0, 4, 0, 0, 3, 1, 0, 1, 0, 0, 5, 0, 0, 5, 0, 0, 5, 0, 0, 7, 0, 0, 5, 0, 0, 0, 0, 0, 0, 0, 0, 5, 3, 0, 5, 1, 0, 9, 3, 0, 4, 4, 0, 8, 2, 0, 7, 5, 3, 0, 0, 0, 8, 1, 0, 3, 0, 0, 0, 0, 0, 5, 0, 0, 4, 0, 0]"
Victoria Swann,University of Bath Archery Club,"[5, 4, 4, 0, 0, 0, 7, 5, 5, 4, 1, 0, 8, 8, 7, 5, 0, 0, 10, 4, 4, 3, 0, 0, 7, 5, 5, 4, 4, 0, 1, 0, 0, 0, 0, 0, 6, 5, 4, 0, 0, 0, 7, 6, 3, 2, 0, 0, 7, 4, 2, 1, 0, 0, 6, 6, 1, 0, 0, 0, 5, 3, 2, 2, 0, 0, 10, 8, 6, 3, 1, 0, 5, 4, 0, 9, 2, 0, 5, 3, 0, 8, 6, 0, 3, 2, 0, 3, 2, 0, 8, 5, 1, 7, 4, 0, 7, 0, 0, 6, 6, 6, 7, 5, 3, 6, 0, 0, 6, 3, 1, 9, 4, 0, 8, 6, 4, 6, 4, 2, 8, 7, 4, 9, 7, 5, 9, 3, 0, 10, 6, 5, 10, 4, 0, 7, 3, 3, 7, 6, 0, 7, 7, 2]"
Eloise Cornish,University of Birmingham Archery Club,"[5, 5, 4, 1, 0, 0, 6, 5, 3, 1, 0, 0, 7, 5, 5, 5, 3, 2, 8, 7, 7, 7, 3, 0, 9, 9, 7, 3, 2, 0, 10, 6, 4, 2, 2, 0, 9, 9, 7, 5, 4, 2, 9, 6, 5, 3, 1, 0, 7, 6, 4, 2, 0, 0, 9, 6, 5, 4, 2, 0, 9, 9, 8, 3, 0, 0, 9, 7, 7, 3, 1, 1, 8, 1, 0, 10, 1, 0, 4, 2, 0, 5, 0, 0, 7, 6, 5, 8, 4, 0, 8, 1, 0, 8, 6, 5, 8, 6, 0, 7, 5, 0, 3, 10, 3, 0, 9, 1, 9, 7, 7, 9, 8, 0, 10, 7, 7, 10, 6, 2, 7, 7, 6, 6, 3, 1, 10, 8, 6, 10, 7, 2, 7, 5, 3, 8, 6, 4, 4, 3, 3, 7, 5, 3]"
Alix Snell,University of Bath Archery Club,"[5, 3, 2, 0, 0, 0, 7, 6, 5, 4, 0, 0, 7, 5, 3, 3, 3, 2, 4, 3, 2, 0, 0, 0, 8, 4, 0, 0, 0, 0, 9, 7, 6, 3, 0, 0, 3, 0, 0, 0, 0, 0, 6, 3, 1, 0, 0, 0, 4, 4, 1, 0, 0, 0, 7, 7, 6, 4, 4, 1, 9, 7, 6, 5, 0, 0, 8, 2, 1, 1, 1, 0, 4, 0, 0, 0, 0, 0, 0, 0, 0, 3, 0, 0, 4, 2, 0, 7, 3, 0, 5, 2, 0, 1, 1, 0, 2, 0, 0, 5, 4, 0, 5, 0, 0, 6, 2, 1, 10, 7, 0, 9, 7, 0, 5, 5, 3, 8, 1, 0, 4, 1, 0, 6, 5, 5, 8, 5, 1, 7, 5, 2, 8, 7, 2, 5, 4, 4, 9, 8, 6, 8, 7, 5]"
Ami Patrick,Edinburgh University Archery Club,"[8, 7, 7, 5, 4, 3, 7, 7, 6, 6, 6, 2, 9, 8, 5, 2, 0, 0, 8, 5, 5, 4, 4, 3, 6, 5, 5, 4, 3, 1, 6, 5, 5, 4, 2, 0, 8, 5, 4, 4, 4, 2, 8, 6, 5, 5, 3, 0, 10, 7, 7, 6, 5, 0, 8, 7, 6, 4, 2, 1, 9, 8, 5, 4, 4, 4, 6, 5, 5, 4, 2, 0, 0, 0, 0, 8, 0, 0, 5, 1, 0, 9, 4, 1, 6, 3, 2, 8, 8, 1, 5, 4, 0, 7, 5, 3, 8, 7, 6, 3, 1, 0, 7, 6, 6, 9, 6, 5, 8, 5, 5, 8, 6, 4, 8, 7, 7, 9, 8, 8, 8, 8, 5, 9, 8, 7, 9, 8, 6, 9, 8, 7, 9, 8, 6, 7, 7, 6, 10, 10, 9, 10, 7, 7]"
Miranda Timmerman,University of Bristol,"[9, 6, 5, 4, 3, 2, 8, 7, 7, 7, 0, 0, 9, 7, 6, 5, 4, 2, 10, 6, 6, 4, 4, 0, 8, 6, 5, 5, 3, 0, 9, 5, 5, 4, 4, 2, 8, 8, 6, 4, 2, 1, 9, 7, 6, 5, 4, 4, 10, 9, 8, 6, 4, 0, 7, 6, 4, 4, 2, 0, 5, 5, 4, 3, 2, 0, 9, 9, 7, 6, 5, 0, 3, 2, 0, 8, 7, 5, 10, 4, 2, 7, 3, 1, 7, 5, 1, 6, 6, 1, 9, 7, 4, 4, 0, 0, 6, 4, 0, 8, 5, 3, 7, 6, 3, 6, 5, 0, 9, 6, 4, 8, 7, 5, 9, 8, 8, 10, 9, 8, 9, 8, 8, 10, 8, 3, 9, 7, 6, 9, 9, 6, 9, 8, 7, 9, 8, 4, 10, 10, 9, 8, 6, 4]"
Sarah Dickinson,University of Huddersfield Archery Club,"[10, 1, 0, 0, 0, 0, 7, 7, 0, 0, 0, 0, 5, 5, 1, 0, 0, 0, 9, 2, 1, 0, 0, 0, 3, 3, 2, 0, 0, 0, 7, 4, 2, 1, 0, 0, 5, 0, 0, 0, 0, 0, 7, 5, 5, 2, 2, 0, 10, 8, 5, 1, 0, 0, 7, 5, 5, 4, 4, 0, 9, 6, 4, 1, 0, 0, 9, 6, 4, 3, 0, 0, 2, 0, 0, 0, 0, 0, 6, 0, 0, 2, 2, 0, 1, 0, 0, 8, 0, 0, 0, 0, 0, 1, 0, 0, 6, 3, 1, 8, 0, 0, 8, 0, 0, 0, 0, 0, 8, 6, 0, 9, 6, 0, 8, 6, 4, 8, 8, 6, 9, 8, 1, 9, 8, 6, 8, 5, 4, 3, 3, 0, 8, 8, 0, 9, 6, 5, 10, 3, 1, 10, 7, 3]"
Jennifer Parkin,University of Huddersfield Archery Club,"[8, 5, 3, 2, 0, 0, 3, 3, 3, 0, 0, 0, 9, 4, 3, 0, 0, 0, 6, 5, 3, 0, 0, 0, 3, 0, 0, 0, 0, 0, 5, 4, 2, 1, 0, 0, 3, 0, 0, 0, 0, 0, 5, 3, 0, 0, 0, 0, 8, 4, 1, 0, 0, 0, 6, 4, 1, 0, 0, 0, 9, 5, 4, 1, 0, 0, 9, 6, 5, 2, 1, 0, 3, 0, 0, 4, 0, 0, 0, 0, 0, 0, 0, 0, 0, 0, 0, 3, 1, 0, 0, 0, 0, 8, 4, 0, 7, 3, 1, 5, 4, 0, 5, 4, 0, 5, 0, 0, 7, 1, 0, 8, 2, 2, 8, 5, 2, 5, 4, 2, 9, 7, 5, 9, 5, 0, 10, 7, 2, 8, 6, 2, 10, 9, 2, 9, 8, 0, 9, 3, 0, 10, 0, 0]"
Juliet Spedding,Liverpool University Archery Club,"[8, 4, 1, 1, 0, 0, 7, 6, 4, 1, 0, 0, 8, 5, 4, 2, 2, 0, 8, 4, 3, 2, 2, 0, 6, 2, 1, 1, 0, 0, 10, 9, 4, 2, 0, 0, 1, 0, 0, 0, 0, 0, 8, 6, 5, 3, 2, 1, 8, 7, 6, 2, 2, 1, 8, 6, 3, 3, 1, 0, 9, 8, 3, 2, 0, 0, 7, 6, 4, 4, 4, 3, 0, 0, 0, 3, 1, 0, 0, 0, 0, 4, 0, 0, 3, 0, 0, 8, 7, 5, 0, 0, 0, 7, 5, 0, 10, 4, 2, 3, 0, 0, 9, 0, 0, 10, 4, 0, 8, 7, 4, 0, 0, 0, 8, 4, 2, 6, 4, 0, 8, 5, 0, 8, 2, 1, 9, 4, 3, 8, 7, 4, 9, 4, 2, 6, 5, 0, 6, 6, 3, 10, 5, 1]"
Stephanie Clason,Edinburgh University Archery Club,"[10, 9, 6, 6, 4, 4, 9, 8, 7, 5, 5, 2, 9, 8, 8, 8, 6, 5, 8, 8, 8, 6, 5, 2, 8, 8, 7, 7, 6, 5, 7, 7, 5, 4, 4, 4, 10, 9, 9, 9, 6, 6, 9, 8, 8, 7, 6, 1, 10, 8, 8, 8, 7, 3, 9, 8, 8, 8, 7, 6, 10, 9, 8, 8, 7, 7, 10, 8, 8, 7, 6, 5, 7, 5, 2, 9, 6, 6, 7, 6, 3, 10, 6, 6, 8, 6, 2, 10, 9, 5, 9, 9, 5, 8, 8, 4, 8, 4, 0, 7, 7, 6, 6, 6, 5, 7, 5, 3, 9, 8, 7, 9, 7, 7, 9, 8, 7, 10, 10, 5, 8, 8, 6, 10, 8, 7, 10, 9, 8, 10, 9, 8, 10, 9, 7, 9, 8, 7, 9, 8, 7, 10, 9, 7]"
Gerda Pociunaite,Exeter University Archery Club,"[10, 9, 9, 8, 7, 6, 9, 9, 8, 7, 7, 7, 9, 9, 9, 8, 7, 7, 10, 9, 8, 8, 6, 6, 9, 9, 9, 6, 5, 5, 10, 10, 9, 8, 7, 7, 8, 8, 7, 5, 5, 3, 10, 9, 8, 7, 7, 5, 10, 9, 9, 7, 3, 1, 10, 8, 8, 7, 7, 6, 10, 10, 9, 9, 7, 6, 9, 8, 8, 8, 8, 5, 9, 7, 5, 9, 8, 8, 10, 8, 7, 9, 9, 7, 10, 8, 7, 9, 8, 8, 9, 8, 7, 6, 5, 5, 9, 7, 5, 10, 9, 7, 9, 8, 2, 10, 6, 6, 9, 9, 6, 9, 9, 8, 10, 9, 8, 10, 9, 9, 7, 7, 5, 7, 7, 7, 10, 9, 6, 8, 6, 5, 10, 8, 7, 10, 9, 8, 9, 7, 7, 10, 9, 9]"
Naomi Bacon,Liverpool University Archery Club,"[9, 7, 1, 0, 0, 0, 7, 4, 2, 0, 0, 0, 6, 1, 0, 0, 0, 0, 5, 3, 0, 0, 0, 0, 2, 0, 0, 0, 0, 0, 3, 0, 0, 0, 0, 0, 6, 4, 3, 0, 0, 0, 6, 5, 3, 0, 0, 0, 6, 6, 3, 0, 0, 0, 6, 1, 0, 0, 0, 0, 5, 2, 2, 0, 0, 0, 9, 7, 6, 3, 0, 0, 1, 0, 0, 0, 0, 0, 3, 0, 0, 0, 0, 0, 1, 0, 0, 3, 2, 0, 8, 0, 0, 0, 0, 0, 7, 0, 0, 0, 0, 0, 10, 0, 0, 5, 0, 0, 10, 7, 3, 8, 2, 2, 4, 2, 1, 7, 6, 3, 6, 6, 3, 10, 3, 1, 5, 5, 2, 9, 7, 6, 9, 8, 0, 6, 3, 3, 8, 7, 1, 9, 7, 3]"
Maryia Karpiyevich,Cambridge University Bowmen,"[9, 9, 9, 8, 7, 7, 8, 8, 8, 7, 6, 4, 9, 8, 8, 7, 6, 6, 8, 7, 7, 7, 6, 6, 9, 8, 6, 5, 5, 5, 10, 9, 8, 7, 7, 5, 9, 9, 9, 8, 8, 5, 10, 8, 8, 8, 7, 5, 8, 7, 6, 6, 5, 3, 10, 9, 9, 9, 8, 7, 10, 10, 9, 8, 7, 7, 9, 8, 8, 7, 7, 5, 8, 7, 3, 8, 7, 5, 9, 8, 3, 9, 7, 5, 7, 7, 6, 9, 8, 7, 9, 7, 7, 8, 8, 7, 9, 9, 8, 9, 8, 5, 10, 9, 7, 10, 9, 7, 10, 10, 8, 10, 9, 7, 10, 9, 8, 10, 9, 9, 9, 9, 8, 10, 8, 7, 10, 9, 8, 10, 10, 9, 10, 9, 9, 9, 8, 7, 10, 9, 8, 10, 9, 8]"
Imola Cseke,Edinburgh University Archery Club,"[0, 0, 0, 0, 0, 0, 0, 0, 0, 0, 0, 0, 0, 0, 0, 0, 0, 0, 0, 0, 0, 0, 0, 0, 0, 0, 0, 0, 0, 0, 0, 0, 0, 0, 0, 0, 0, 0, 0, 0, 0, 0, 0, 0, 0, 0, 0, 0, 0, 0, 0, 0, 0, 0, 0, 0, 0, 0, 0, 0, 0, 0, 0, 0, 0, 0, 0, 0, 0, 0, 0, 0, 0, 0, 0, 0, 0, 0, 0, 0, 0, 0, 0, 0, 0, 0, 0, 0, 0, 0, 0, 0, 0, 0, 0, 0, 0, 0, 0, 0, 0, 0, 0, 0, 0, 0, 0, 0, 0, 0, 0, 0, 0, 0, 0, 0, 0, 0, 0, 0, 0, 0, 0, 0, 0, 0, 0, 0, 0, 0, 0, 0, 0, 0, 0, 0, 0, 0, 0, 0, 0, 0, 0, 0]"
Migle Petruskeviciute,Edinburgh University Archery Club,"[10, 8, 7, 7, 5, 1, 8, 7, 6, 6, 3, 1, 10, 9, 8, 7, 4, 3, 9, 9, 8, 8, 5, 4, 8, 5, 4, 4, 3, 2, 10, 9, 7, 6, 4, 2, 8, 6, 6, 5, 3, 0, 10, 8, 6, 6, 5, 5, 8, 7, 7, 7, 6, 6, 9, 9, 7, 6, 5, 5, 10, 8, 7, 6, 5, 5, 10, 9, 7, 7, 6, 5, 8, 7, 5, 7, 7, 6, 8, 5, 4, 8, 7, 6, 10, 8, 4, 8, 7, 6, 7, 6, 2, 8, 6, 4, 9, 6, 0, 10, 9, 6, 8, 7, 2, 9, 7, 6, 9, 9, 6, 9, 9, 8, 9, 7, 4, 10, 8, 8, 7, 5, 3, 9, 8, 6, 10, 8, 5, 8, 7, 5, 8, 3, 1, 9, 3, 1, 8, 6, 4, 8, 0, 0]"
Emma Davis,University of Warwick Archery Club,"[9, 9, 8, 7, 3, 3, 10, 8, 7, 6, 4, 3, 9, 7, 5, 5, 4, 4, 9, 9, 8, 7, 6, 4, 9, 8, 6, 6, 5, 0, 10, 10, 8, 8, 8, 6, 8, 8, 6, 6, 4, 0, 10, 7, 6, 5, 5, 4, 9, 8, 8, 7, 5, 4, 9, 9, 8, 7, 6, 6, 8, 8, 7, 6, 5, 4, 9, 8, 8, 8, 7, 2, 8, 7, 0, 7, 6, 5, 7, 7, 6, 8, 5, 3, 9, 9, 5, 9, 8, 7, 9, 5, 4, 8, 7, 4, 7, 6, 6, 7, 5, 5, 10, 8, 6, 6, 5, 3, 9, 9, 8, 10, 10, 8, 9, 6, 5, 10, 7, 6, 10, 9, 9, 9, 9, 8, 10, 9, 7, 9, 9, 8, 10, 9, 7, 9, 9, 7, 10, 9, 7, 10, 10, 9]"
Madeleine Meatyard,University of Warwick Archery Club,"[10, 10, 9, 9, 9, 0, 9, 6, 6, 5, 4, 2, 8, 7, 7, 4, 4, 4, 9, 8, 7, 6, 5, 1, 7, 7, 7, 6, 5, 4, 9, 8, 7, 6, 5, 5, 7, 6, 6, 5, 1, 0, 9, 8, 7, 7, 6, 5, 10, 8, 6, 6, 5, 5, 7, 6, 5, 5, 4, 0, 10, 8, 8, 8, 8, 7, 9, 9, 8, 6, 5, 3, 8, 6, 5, 6, 4, 2, 10, 7, 5, 9, 8, 5, 9, 9, 2, 9, 7, 6, 7, 6, 5, 10, 8, 4, 10, 9, 4, 9, 9, 7, 8, 8, 5, 10, 8, 8, 5, 1, 0, 9, 8, 7, 9, 8, 8, 8, 8, 8, 9, 8, 8, 9, 9, 8, 10, 9, 7, 9, 8, 7, 10, 8, 6, 10, 9, 7, 10, 9, 7, 10, 9, 6]"
Ruth Walton,Southampton University Archery Club,"[8, 8, 7, 6, 4, 4, 8, 7, 7, 3, 1, 0, 10, 8, 8, 6, 5, 3, 8, 3, 2, 1, 0, 0, 9, 9, 7, 6, 3, 1, 10, 9, 9, 5, 0, 0, 7, 6, 6, 4, 3, 3, 10, 7, 7, 5, 4, 4, 8, 8, 8, 7, 5, 0, 9, 7, 6, 4, 2, 0, 8, 6, 6, 6, 5, 4, 9, 8, 6, 6, 5, 4, 2, 1, 0, 9, 7, 6, 8, 7, 5, 6, 3, 2, 7, 7, 7, 7, 5, 0, 7, 4, 0, 9, 7, 0, 8, 5, 5, 9, 2, 2, 9, 7, 7, 8, 8, 3, 8, 8, 6, 9, 6, 5, 9, 8, 8, 8, 7, 6, 8, 8, 6, 8, 7, 7, 9, 8, 8, 9, 8, 7, 8, 6, 5, 9, 6, 2, 8, 5, 2, 7, 6, 6]"
Rachael Hutchison,University of Warwick Archery Club,"[7, 0, 0, 0, 0, 0, 9, 0, 0, 0, 0, 0, 4, 3, 0, 0, 0, 0, 0, 0, 0, 0, 0, 0, 3, 2, 0, 0, 0, 0, 4, 0, 0, 0, 0, 0, 0, 0, 0, 0, 0, 0, 3, 3, 1, 0, 0, 0, 4, 1, 0, 0, 0, 0, 4, 4, 2, 1, 0, 0, 3, 2, 2, 0, 0, 0, 8, 7, 5, 3, 0, 0, 0, 0, 0, 8, 0, 0, 5, 2, 0, 0, 0, 0, 0, 0, 0, 4, 0, 0, 1, 0, 0, 6, 0, 0, 1, 0, 0, 2, 0, 0, 5, 0, 0, 0, 0, 0, 3, 2, 0, 2, 1, 0, 9, 6, 1, 8, 6, 0, 8, 4, 0, 7, 7, 4, 6, 5, 3, 7, 0, 0, 9, 5, 0, 6, 5, 0, 5, 2, 0, 0, 0, 0]"
Bethany Woodcock,York University Archery Club,"[9, 8, 7, 5, 4, 2, 10, 6, 4, 4, 3, 3, 9, 6, 6, 5, 3, 1, 10, 7, 7, 5, 5, 3, 6, 6, 3, 3, 2, 1, 7, 6, 5, 4, 4, 0, 9, 8, 8, 7, 4, 0, 10, 10, 10, 7, 6, 5, 10, 8, 8, 5, 5, 1, 10, 9, 7, 7, 7, 6, 10, 9, 8, 6, 5, 3, 10, 8, 6, 5, 4, 4, 9, 4, 2, 7, 4, 1, 7, 4, 2, 6, 4, 4, 4, 3, 2, 6, 4, 0, 8, 7, 1, 2, 2, 2, 10, 8, 5, 8, 7, 6, 8, 7, 5, 8, 4, 3, 7, 6, 6, 9, 9, 8, 8, 7, 5, 9, 8, 7, 8, 7, 6, 10, 9, 9, 9, 7, 5, 10, 8, 7, 9, 8, 8, 10, 9, 8, 9, 9, 7, 9, 8, 7]"
Jade Van Parijs,Nottingham University Archery Club,"[7, 6, 6, 5, 5, 2, 10, 9, 7, 7, 7, 6, 10, 8, 7, 6, 5, 2, 7, 6, 5, 5, 5, 1, 8, 7, 6, 6, 3, 0, 9, 9, 6, 5, 1, 0, 7, 7, 6, 4, 2, 2, 9, 8, 8, 8, 7, 7, 10, 7, 6, 6, 5, 1, 10, 10, 7, 7, 7, 3, 8, 8, 7, 7, 5, 3, 9, 8, 7, 7, 6, 6, 9, 8, 8, 10, 4, 2, 7, 7, 2, 8, 4, 3, 9, 6, 3, 7, 6, 5, 9, 8, 6, 8, 7, 6, 9, 7, 6, 7, 7, 4, 7, 6, 4, 10, 7, 4, 10, 8, 8, 10, 10, 9, 9, 9, 8, 9, 9, 9, 10, 8, 7, 9, 8, 7, 9, 9, 5, 10, 8, 7, 9, 8, 7, 9, 9, 7, 9, 8, 8, 9, 8, 6]"
Jodie Clements,Derby University Archery Club,"[8, 7, 7, 2, 1, 0, 9, 8, 7, 5, 1, 0, 7, 6, 3, 2, 2, 0, 8, 8, 5, 2, 1, 0, 7, 7, 6, 2, 0, 0, 5, 5, 4, 4, 3, 2, 9, 7, 3, 2, 1, 0, 6, 6, 6, 6, 5, 3, 9, 7, 6, 4, 3, 1, 9, 8, 8, 7, 5, 0, 8, 6, 5, 5, 3, 0, 8, 7, 6, 3, 3, 0, 7, 2, 0, 6, 3, 2, 9, 6, 1, 8, 8, 0, 5, 2, 0, 6, 4, 0, 10, 8, 7, 8, 6, 5, 10, 9, 8, 7, 6, 5, 9, 9, 2, 6, 4, 0, 9, 7, 0, 9, 7, 4, 9, 7, 6, 10, 8, 8, 10, 9, 8, 9, 8, 8, 10, 7, 6, 9, 8, 3, 10, 8, 3, 10, 8, 8, 9, 8, 8, 9, 8, 8]"
Margaux Mesle,Edinburgh University Archery Club,"[10, 10, 8, 8, 7, 4, 10, 9, 9, 7, 6, 2, 10, 9, 8, 8, 8, 5, 9, 8, 7, 6, 6, 5, 9, 9, 8, 5, 5, 5, 9, 8, 7, 6, 5, 3, 9, 9, 9, 7, 7, 6, 7, 6, 6, 6, 6, 5, 9, 9, 8, 8, 6, 3, 10, 9, 8, 8, 8, 7, 10, 9, 9, 8, 7, 6, 10, 9, 9, 8, 7, 0, 9, 8, 6, 8, 5, 3, 9, 8, 7, 10, 7, 7, 7, 6, 5, 10, 5, 4, 9, 8, 6, 9, 8, 7, 10, 9, 7, 10, 6, 3, 9, 8, 6, 8, 8, 7, 9, 9, 6, 8, 6, 6, 8, 7, 7, 8, 8, 8, 9, 7, 7, 10, 9, 7, 10, 10, 8, 9, 8, 7, 10, 9, 8, 9, 8, 8, 9, 9, 8, 10, 9, 8]"
Octavia Quinn,Derby University Archery Club,"[8, 6, 2, 0, 0, 0, 8, 6, 5, 2, 0, 0, 9, 6, 6, 3, 0, 0, 4, 4, 4, 3, 0, 0, 8, 6, 5, 1, 0, 0, 5, 1, 1, 0, 0, 0, 7, 5, 5, 2, 0, 0, 4, 0, 0, 0, 0, 0, 4, 4, 2, 1, 0, 0, 9, 8, 8, 6, 6, 1, 6, 6, 0, 0, 0, 0, 9, 8, 7, 7, 0, 0, 6, 0, 0, 3, 0, 0, 8, 2, 0, 0, 0, 0, 3, 3, 1, 6, 2, 0, 5, 0, 0, 6, 0, 0, 6, 1, 0, 3, 2, 1, 7, 5, 3, 0, 0, 0, 4, 0, 0, 9, 8, 4, 6, 6, 2, 4, 4, 2, 7, 4, 3, 6, 5, 4, 8, 5, 5, 8, 7, 3, 9, 3, 0, 7, 1, 0, 9, 8, 7, 7, 6, 3]"
Victoria Saduikis,Queen Mary London University Archery Club,"[9, 9, 8, 7, 6, 3, 10, 9, 8, 6, 5, 4, 8, 6, 5, 5, 5, 5, 8, 8, 8, 8, 5, 4, 8, 8, 7, 6, 5, 5, 9, 8, 7, 6, 6, 0, 9, 7, 6, 6, 6, 5, 10, 9, 9, 8, 7, 5, 10, 10, 9, 8, 7, 5, 10, 10, 9, 8, 8, 7, 10, 8, 8, 6, 6, 5, 10, 10, 10, 8, 7, 2, 9, 7, 6, 9, 9, 4, 9, 6, 4, 9, 7, 5, 9, 7, 3, 8, 8, 7, 8, 7, 4, 7, 6, 1, 9, 8, 5, 8, 7, 3, 10, 6, 6, 10, 7, 7, 9, 8, 6, 10, 7, 5, 10, 8, 8, 9, 9, 8, 9, 9, 8, 9, 9, 8, 9, 8, 6, 10, 10, 8, 10, 8, 8, 9, 8, 7, 10, 9, 8, 10, 10, 9]"
